series_id,naics,year,month,value
EIUCOCHNTOT,TOT,2015,1,103.5
EIUCOCHNTOT,TOT,2015,2,103.4
EIUCOCHNTOT,TOT,2015,3,103.3
EIUCOCHNTOT,TOT,2015,4,103.3
EIUCOCHNTOT,TOT,2015,5,103.0
EIUCOCHNTOT,TOT,2015,6,102.9
EIUCOCHNTOT,TOT,2015,7,102.7
EIUCOCHNTOT,TOT,2015,8,102.6
EIUCOCHNTOT,TOT,2015,9,102.4
EIUCOCHNTOT,TOT,2015,10,102.3
EIUCOCHNTOT,TOT,2015,11,102.0
EIUCOCHNTOT,TOT,2015,12,101.9
EIUCOCHNTOT,TOT,2016,1,101.8
EIUCOCHNTOT,TOT,2016,2,101.6
EIUCOCHNTOT,TOT,2016,3,101.4
EIUCOCHNTOT,TOT,2016,4,101.3
EIUCOCHNTOT,TOT,2016,5,101.2
EIUCOCHNTOT,TOT,2016,6,101.0
EIUCOCHNTOT,TOT,2016,7,101.0
EIUCOCHNTOT,TOT,2016,8,100.8
EIUCOCHNTOT,TOT,2016,9,100.7
EIUCOCHNTOT,TOT,2016,10,100.6
EIUCOCHNTOT,TOT,2016,11,100.2
EIUCOCHNTOT,TOT,2016,12,100.2
EIUCOCHNTOT,TOT,2017,1,99.9
EIUCOCHNTOT,TOT,2017,2,100.0
EIUCOCHNTOT,TOT,2017,3,100.2
EIUCOCHNTOT,TOT,2017,4,100.1
EIUCOCHNTOT,TOT,2017,5,100.1
EIUCOCHNTOT,TOT,2017,6,100.0
EIUCOCHNTOT,TOT,2017,7,100.1
EIUCOCHNTOT,TOT,2017,8,100.1
EIUCOCHNTOT,TOT,2017,9,99.8
EIUCOCHNTOT,TOT,2017,10,99.8
EIUCOCHNTOT,TOT,2017,11,100.1
EIUCOCHNTOT,TOT,2017,12,100.1
EIUCOCHNTOT,TOT,2018,1,100.1
EIUCOCHNTOT,TOT,2018,2,100.2
EIUCOCHNTOT,TOT,2018,3,100.4
EIUCOCHNTOT,TOT,2018,4,100.4
EIUCOCHNTOT,TOT,2018,5,100.5
EIUCOCHNTOT,TOT,2018,6,100.5
EIUCOCHNTOT,TOT,2018,7,100.4
EIUCOCHNTOT,TOT,2018,8,100.2
EIUCOCHNTOT,TOT,2018,9,100.2
EIUCOCHNTOT,TOT,2018,10,100.0
EIUCOCHNTOT,TOT,2018,11,99.9
EIUCOCHNTOT,TOT,2018,12,99.9
EIUCOCHNTOT,TOT,2019,1,99.6
EIUCOCHNTOT,TOT,2019,2,99.4
EIUCOCHNTOT,TOT,2019,3,99.4
EIUCOCHNTOT,TOT,2019,4,99.2
EIUCOCHNTOT,TOT,2019,5,99.1
EIUCOCHNTOT,TOT,2019,6,98.9
EIUCOCHNTOT,TOT,2019,7,98.7
EIUCOCHNTOT,TOT,2019,8,98.5
EIUCOCHNTOT,TOT,2019,9,98.3
EIUCOCHNTOT,TOT,2019,10,98.2
EIUCOCHNTOT,TOT,2019,11,98.0
EIUCOCHNTOT,TOT,2019,12,98.2
EIUCOCHNTOT,TOT,2020,1,98.2
EIUCOCHNTOT,TOT,2020,2,98.0
EIUCOCHNTOT,TOT,2020,3,98.0
EIUCOCHNTOT,TOT,2020,4,98.1
EIUCOCHNTOT,TOT,2020,5,98.0
EIUCOCHNTOT,TOT,2020,6,98.0
EIUCOCHNTOT,TOT,2020,7,98.2
EIUCOCHNTOT,TOT,2020,8,98.3
EIUCOCHNTOT,TOT,2020,9,98.3
EIUCOCHNTOT,TOT,2020,10,98.2
EIUCOCHNTOT,TOT,2020,11,98.3
EIUCOCHNTOT,TOT,2020,12,98.7
EIUCOCHNTOT,TOT,2021,1,99.1
EIUCOCHNTOT,TOT,2021,2,99.4
EIUCOCHNTOT,TOT,2021,3,99.8
EIUCOCHNTOT,TOT,2021,4,100.2
EIUCOCHNTOT,TOT,2021,5,100.6
EIUCOCHNTOT,TOT,2021,6,101.0
EIUCOCHNTOT,TOT,2021,7,101.7
EIUCOCHNTOT,TOT,2021,8,102.0
EIUCOCHNTOT,TOT,2021,9,102.2
EIUCOCHNTOT,TOT,2021,10,102.5
EIUCOCHNTOT,TOT,2021,11,102.7
EIUCOCHNTOT,TOT,2021,12,103.4
EIUCOCHNTOT,TOT,2022,1,103.9
EIUCOCHNTOT,TOT,2022,2,104.2
EIUCOCHNTOT,TOT,2022,3,104.7
EIUCOCHNTOT,TOT,2022,4,104.8
EIUCOCHNTOT,TOT,2022,5,104.6
EIUCOCHNTOT,TOT,2022,6,104.3
EIUCOCHNTOT,TOT,2022,7,104.2
EIUCOCHNTOT,TOT,2022,8,104.1
EIUCOCHNTOT,TOT,2022,9,104.1
EIUCOCHNTOT,TOT,2022,10,104.5
EIUCOCHNTOT,TOT,2022,11,104.4
EIUCOCHNTOT,TOT,2022,12,104.2
EIUCOCHNTOT,TOT,2023,1,103.7
EIUCOCHNTOT,TOT,2023,2,103.6
EIUCOCHNTOT,TOT,2023,3,103.1
EIUCOCHNTOT,TOT,2023,4,102.7
EIUCOCHNTOT,TOT,2023,5,102.4
EIUCOCHNTOT,TOT,2023,6,102.0
EIUCOCHNTOT,TOT,2023,7,101.7
EIUCOCHNTOT,TOT,2023,8,101.7
EIUCOCHNTOT,TOT,2023,9,101.5
EIUCOCHNTOT,TOT,2023,10,101.4
EIUCOCHNTOT,TOT,2023,11,101.1
EIUCOCHNTOT,TOT,2023,12,101.0
EIUCOCHNTOT,TOT,2024,1,100.6
EIUCOCHNTOT,TOT,2024,2,100.5
EIUCOCHNTOT,TOT,2024,3,100.5
EIUCOCHNTOT,TOT,2024,4,100.5
EIUCOCHNTOT,TOT,2024,5,100.5
EIUCOCHNTOT,TOT,2024,6,100.5
EIUCOCHNTOT,TOT,2024,7,100.4
EIUCOCHNTOT,TOT,2024,8,100.4
EIUCOCHNTOT,TOT,2024,9,100.4
EIUCOCHNTOT,TOT,2024,10,100.4
EIUCOCHNTOT,TOT,2024,11,100.4
EIUCOCHNTOT,TOT,2024,12,100.3
EIUCOCHNZ31,31,2015,1,100.8
EIUCOCHNZ31,31,2015,2,100.7
EIUCOCHNZ31,31,2015,3,100.7
EIUCOCHNZ31,31,2015,4,100.8
EIUCOCHNZ31,31,2015,5,100.7
EIUCOCHNZ31,31,2015,6,100.7
EIUCOCHNZ31,31,2015,7,100.7
EIUCOCHNZ31,31,2015,8,100.7
EIUCOCHNZ31,31,2015,9,100.4
EIUCOCHNZ31,31,2015,10,100.6
EIUCOCHNZ31,31,2015,11,100.5
EIUCOCHNZ31,31,2015,12,100.5
EIUCOCHNZ31,31,2016,1,100.3
EIUCOCHNZ31,31,2016,2,100.3
EIUCOCHNZ31,31,2016,3,99.9
EIUCOCHNZ31,31,2016,4,99.9
EIUCOCHNZ31,31,2016,5,99.8
EIUCOCHNZ31,31,2016,6,99.7
EIUCOCHNZ31,31,2016,7,99.6
EIUCOCHNZ31,31,2016,8,99.5
EIUCOCHNZ31,31,2016,9,99.7
EIUCOCHNZ31,31,2016,10,99.7
EIUCOCHNZ31,31,2016,11,99.6
EIUCOCHNZ31,31,2016,12,99.6
EIUCOCHNZ31,31,2017,1,99.4
EIUCOCHNZ31,31,2017,2,99.3
EIUCOCHNZ31,31,2017,3,99.3
EIUCOCHNZ31,31,2017,4,99.3
EIUCOCHNZ31,31,2017,5,99.2
EIUCOCHNZ31,31,2017,6,99.4
EIUCOCHNZ31,31,2017,7,99.1
EIUCOCHNZ31,31,2017,8,99.2
EIUCOCHNZ31,31,2017,9,99.3
EIUCOCHNZ31,31,2017,10,99.4
EIUCOCHNZ31,31,2017,11,99.5
EIUCOCHNZ31,31,2017,12,99.5
EIUCOCHNZ31,31,2018,1,99.5
EIUCOCHNZ31,31,2018,2,99.7
EIUCOCHNZ31,31,2018,3,100.1
EIUCOCHNZ31,31,2018,4,100.1
EIUCOCHNZ31,31,2018,5,100.4
EIUCOCHNZ31,31,2018,6,100.5
EIUCOCHNZ31,31,2018,7,100.5
EIUCOCHNZ31,31,2018,8,100.7
EIUCOCHNZ31,31,2018,9,100.7
EIUCOCHNZ31,31,2018,10,100.7
EIUCOCHNZ31,31,2018,11,100.9
EIUCOCHNZ31,31,2018,12,101.1
EIUCOCHNZ31,31,2019,1,101.2
EIUCOCHNZ31,31,2019,2,101.0
EIUCOCHNZ31,31,2019,3,100.9
EIUCOCHNZ31,31,2019,4,101.1
EIUCOCHNZ31,31,2019,5,101.1
EIUCOCHNZ31,31,2019,6,101.3
EIUCOCHNZ31,31,2019,7,101.1
EIUCOCHNZ31,31,2019,8,100.6
EIUCOCHNZ31,31,2019,9,100.3
EIUCOCHNZ31,31,2019,10,100.1
EIUCOCHNZ31,31,2019,11,99.9
EIUCOCHNZ31,31,2019,12,99.8
EIUCOCHNZ31,31,2020,1,99.9
EIUCOCHNZ31,31,2020,2,99.9
EIUCOCHNZ31,31,2020,3,99.9
EIUCOCHNZ31,31,2020,4,99.9
EIUCOCHNZ31,31,2020,5,99.8
EIUCOCHNZ31,31,2020,6,99.6
EIUCOCHNZ31,31,2020,7,99.7
EIUCOCHNZ31,31,2020,8,99.5
EIUCOCHNZ31,31,2020,9,99.7
EIUCOCHNZ31,31,2020,10,100.2
EIUCOCHNZ31,31,2020,11,99.9
EIUCOCHNZ31,31,2020,12,100.1
EIUCOCHNZ31,31,2021,1,100.2
EIUCOCHNZ31,31,2021,2,100.2
EIUCOCHNZ31,31,2021,3,100.5
EIUCOCHNZ31,31,2021,4,100.8
EIUCOCHNZ31,31,2021,5,101.3
EIUCOCHNZ31,31,2021,6,101.8
EIUCOCHNZ31,31,2021,7,102.6
EIUCOCHNZ31,31,2021,8,102.9
EIUCOCHNZ31,31,2021,9,103.4
EIUCOCHNZ31,31,2021,10,103.5
EIUCOCHNZ31,31,2021,11,104.3
EIUCOCHNZ31,31,2021,12,105.0
EIUCOCHNZ31,31,2022,1,105.6
EIUCOCHNZ31,31,2022,2,105.1
EIUCOCHNZ31,31,2022,3,104.7
EIUCOCHNZ31,31,2022,4,104.8
EIUCOCHNZ31,31,2022,5,104.3
EIUCOCHNZ31,31,2022,6,103.5
EIUCOCHNZ31,31,2022,7,103.4
EIUCOCHNZ31,31,2022,8,102.9
EIUCOCHNZ31,31,2022,9,103.8
EIUCOCHNZ31,31,2022,10,104.4
EIUCOCHNZ31,31,2022,11,104.2
EIUCOCHNZ31,31,2022,12,103.8
EIUCOCHNZ31,31,2023,1,103.2
EIUCOCHNZ31,31,2023,2,103.3
EIUCOCHNZ31,31,2023,3,103.3
EIUCOCHNZ31,31,2023,4,102.8
EIUCOCHNZ31,31,2023,5,102.6
EIUCOCHNZ31,31,2023,6,102.6
EIUCOCHNZ31,31,2023,7,102.4
EIUCOCHNZ31,31,2023,8,102.1
EIUCOCHNZ31,31,2023,9,101.5
EIUCOCHNZ31,31,2023,10,101.2
EIUCOCHNZ31,31,2023,11,100.7
EIUCOCHNZ31,31,2023,12,100.3
EIUCOCHNZ31,31,2024,1,99.9
EIUCOCHNZ31,31,2024,2,100.0
EIUCOCHNZ31,31,2024,3,99.9
EIUCOCHNZ31,31,2024,4,100.3
EIUCOCHNZ31,31,2024,5,100.4
EIUCOCHNZ31,31,2024,6,100.7
EIUCOCHNZ31,31,2024,7,101.5
EIUCOCHNZ31,31,2024,8,101.6
EIUCOCHNZ31,31,2024,9,101.6
EIUCOCHNZ31,31,2024,10,101.6
EIUCOCHNZ31,31,2024,11,101.7
EIUCOCHNZ31,31,2024,12,102.0
EIUCOCHNZ315,315,2015,1,103.0
EIUCOCHNZ315,315,2015,2,102.8
EIUCOCHNZ315,315,2015,3,102.9
EIUCOCHNZ315,315,2015,4,103.0
EIUCOCHNZ315,315,2015,5,102.8
EIUCOCHNZ315,315,2015,6,102.8
EIUCOCHNZ315,315,2015,7,103.0
EIUCOCHNZ315,315,2015,8,103.0
EIUCOCHNZ315,315,2015,9,103.0
EIUCOCHNZ315,315,2015,10,102.8
EIUCOCHNZ315,315,2015,11,102.8
EIUCOCHNZ315,315,2015,12,102.8
EIUCOCHNZ315,315,2016,1,102.6
EIUCOCHNZ315,315,2016,2,102.6
EIUCOCHNZ315,315,2016,3,102.5
EIUCOCHNZ315,315,2016,4,102.5
EIUCOCHNZ315,315,2016,5,102.2
EIUCOCHNZ315,315,2016,6,102.2
EIUCOCHNZ315,315,2016,7,102.1
EIUCOCHNZ315,315,2016,8,102.3
EIUCOCHNZ315,315,2016,9,102.3
EIUCOCHNZ315,315,2016,10,102.2
EIUCOCHNZ315,315,2016,11,102.0
EIUCOCHNZ315,315,2016,12,102.0
EIUCOCHNZ315,315,2017,1,102.0
EIUCOCHNZ315,315,2017,2,101.9
EIUCOCHNZ315,315,2017,3,101.9
EIUCOCHNZ315,315,2017,4,101.9
EIUCOCHNZ315,315,2017,5,101.9
EIUCOCHNZ315,315,2017,6,102.0
EIUCOCHNZ315,315,2017,7,101.8
EIUCOCHNZ315,315,2017,8,101.7
EIUCOCHNZ315,315,2017,9,101.9
EIUCOCHNZ315,315,2017,10,101.7
EIUCOCHNZ315,315,2017,11,101.7
EIUCOCHNZ315,315,2017,12,101.7
EIUCOCHNZ315,315,2018,1,101.7
EIUCOCHNZ315,315,2018,2,101.9
EIUCOCHNZ315,315,2018,3,102.2
EIUCOCHNZ315,315,2018,4,102.2
EIUCOCHNZ315,315,2018,5,102.2
EIUCOCHNZ315,315,2018,6,102.4
EIUCOCHNZ315,315,2018,7,102.1
EIUCOCHNZ315,315,2018,8,102.1
EIUCOCHNZ315,315,2018,9,102.2
EIUCOCHNZ315,315,2018,10,102.2
EIUCOCHNZ315,315,2018,11,102.3
EIUCOCHNZ315,315,2018,12,102.2
EIUCOCHNZ315,315,2019,1,102.3
EIUCOCHNZ315,315,2019,2,102.1
EIUCOCHNZ315,315,2019,3,102.0
EIUCOCHNZ315,315,2019,4,102.1
EIUCOCHNZ315,315,2019,5,102.3
EIUCOCHNZ315,315,2019,6,102.6
EIUCOCHNZ315,315,2019,7,103.5
EIUCOCHNZ315,315,2019,8,103.1
EIUCOCHNZ315,315,2019,9,102.8
EIUCOCHNZ315,315,2019,10,102.5
EIUCOCHNZ315,315,2019,11,102.3
EIUCOCHNZ315,315,2019,12,102.2
EIUCOCHNZ315,315,2020,1,102.9
EIUCOCHNZ315,315,2020,2,102.7
EIUCOCHNZ315,315,2020,3,102.7
EIUCOCHNZ315,315,2020,4,102.7
EIUCOCHNZ315,315,2020,5,102.7
EIUCOCHNZ315,315,2020,6,102.5
EIUCOCHNZ315,315,2020,7,102.5
EIUCOCHNZ315,315,2020,8,102.5
EIUCOCHNZ315,315,2020,9,102.7
EIUCOCHNZ315,315,2020,10,102.5
EIUCOCHNZ315,315,2020,11,102.4
EIUCOCHNZ315,315,2020,12,102.4
EIUCOCHNZ315,315,2021,1,102.4
EIUCOCHNZ315,315,2021,2,102.5
EIUCOCHNZ315,315,2021,3,103.0
EIUCOCHNZ315,315,2021,4,102.9
EIUCOCHNZ315,315,2021,5,102.9
EIUCOCHNZ315,315,2021,6,102.8
EIUCOCHNZ315,315,2021,7,103.2
EIUCOCHNZ315,315,2021,8,103.3
EIUCOCHNZ315,315,2021,9,103.4
EIUCOCHNZ315,315,2021,10,103.5
EIUCOCHNZ315,315,2021,11,103.5
EIUCOCHNZ315,315,2021,12,103.8
EIUCOCHNZ315,315,2022,1,103.8
EIUCOCHNZ315,315,2022,2,104.1
EIUCOCHNZ315,315,2022,3,104.3
EIUCOCHNZ315,315,2022,4,104.6
EIUCOCHNZ315,315,2022,5,105.0
EIUCOCHNZ315,315,2022,6,105.1
EIUCOCHNZ315,315,2022,7,105.5
EIUCOCHNZ315,315,2022,8,106.1
EIUCOCHNZ315,315,2022,9,107.6
EIUCOCHNZ315,315,2022,10,108.3
EIUCOCHNZ315,315,2022,11,108.4
EIUCOCHNZ315,315,2022,12,108.4
EIUCOCHNZ315,315,2023,1,108.1
EIUCOCHNZ315,315,2023,2,108.6
EIUCOCHNZ315,315,2023,3,109.3
EIUCOCHNZ315,315,2023,4,109.4
EIUCOCHNZ315,315,2023,5,109.3
EIUCOCHNZ315,315,2023,6,109.2
EIUCOCHNZ315,315,2023,7,108.7
EIUCOCHNZ315,315,2023,8,108.9
EIUCOCHNZ315,315,2023,9,108.3
EIUCOCHNZ315,315,2023,10,107.8
EIUCOCHNZ315,315,2023,11,106.7
EIUCOCHNZ315,315,2023,12,106.7
EIUCOCHNZ315,315,2024,1,106.6
EIUCOCHNZ315,315,2024,2,106.5
EIUCOCHNZ315,315,2024,3,106.5
EIUCOCHNZ315,315,2024,4,106.7
EIUCOCHNZ315,315,2024,5,106.8
EIUCOCHNZ315,315,2024,6,106.8
EIUCOCHNZ315,315,2024,7,106.9
EIUCOCHNZ315,315,2024,8,106.9
EIUCOCHNZ315,315,2024,9,106.9
EIUCOCHNZ315,315,2024,10,106.9
EIUCOCHNZ315,315,2024,11,107.1
EIUCOCHNZ315,315,2024,12,107.1
EIUCOCHNZ3152,3152,2015,1,102.7
EIUCOCHNZ3152,3152,2015,2,102.7
EIUCOCHNZ3152,3152,2015,3,102.9
EIUCOCHNZ3152,3152,2015,4,102.9
EIUCOCHNZ3152,3152,2015,5,102.6
EIUCOCHNZ3152,3152,2015,6,102.6
EIUCOCHNZ3152,3152,2015,7,102.9
EIUCOCHNZ3152,3152,2015,8,103.0
EIUCOCHNZ3152,3152,2015,9,103.0
EIUCOCHNZ3152,3152,2015,10,103.0
EIUCOCHNZ3152,3152,2015,11,103.0
EIUCOCHNZ3152,3152,2015,12,103.0
EIUCOCHNZ3152,3152,2016,1,102.8
EIUCOCHNZ3152,3152,2016,2,102.8
EIUCOCHNZ3152,3152,2016,3,102.7
EIUCOCHNZ3152,3152,2016,4,102.8
EIUCOCHNZ3152,3152,2016,5,102.5
EIUCOCHNZ3152,3152,2016,6,102.5
EIUCOCHNZ3152,3152,2016,7,102.5
EIUCOCHNZ3152,3152,2016,8,102.6
EIUCOCHNZ3152,3152,2016,9,102.6
EIUCOCHNZ3152,3152,2016,10,102.6
EIUCOCHNZ3152,3152,2016,11,102.3
EIUCOCHNZ3152,3152,2016,12,102.3
EIUCOCHNZ3152,3152,2017,1,102.2
EIUCOCHNZ3152,3152,2017,2,102.1
EIUCOCHNZ3152,3152,2017,3,102.1
EIUCOCHNZ3152,3152,2017,4,102.2
EIUCOCHNZ3152,3152,2017,5,102.2
EIUCOCHNZ3152,3152,2017,6,102.3
EIUCOCHNZ3152,3152,2017,7,102.3
EIUCOCHNZ3152,3152,2017,8,102.3
EIUCOCHNZ3152,3152,2017,9,102.3
EIUCOCHNZ3152,3152,2017,10,102.2
EIUCOCHNZ3152,3152,2017,11,102.1
EIUCOCHNZ3152,3152,2017,12,102.1
EIUCOCHNZ3152,3152,2018,1,102.1
EIUCOCHNZ3152,3152,2018,2,102.3
EIUCOCHNZ3152,3152,2018,3,102.6
EIUCOCHNZ3152,3152,2018,4,102.6
EIUCOCHNZ3152,3152,2018,5,102.7
EIUCOCHNZ3152,3152,2018,6,102.9
EIUCOCHNZ3152,3152,2018,7,102.7
EIUCOCHNZ3152,3152,2018,8,102.7
EIUCOCHNZ3152,3152,2018,9,102.9
EIUCOCHNZ3152,3152,2018,10,103.0
EIUCOCHNZ3152,3152,2018,11,103.0
EIUCOCHNZ3152,3152,2018,12,103.0
EIUCOCHNZ3152,3152,2019,1,103.0
EIUCOCHNZ3152,3152,2019,2,103.0
EIUCOCHNZ3152,3152,2019,3,103.0
EIUCOCHNZ3152,3152,2019,4,103.1
EIUCOCHNZ3152,3152,2019,5,103.4
EIUCOCHNZ3152,3152,2019,6,103.8
EIUCOCHNZ3152,3152,2019,7,105.0
EIUCOCHNZ3152,3152,2019,8,104.6
EIUCOCHNZ3152,3152,2019,9,104.2
EIUCOCHNZ3152,3152,2019,10,103.8
EIUCOCHNZ3152,3152,2019,11,103.6
EIUCOCHNZ3152,3152,2019,12,103.6
EIUCOCHNZ3152,3152,2020,1,104.0
EIUCOCHNZ3152,3152,2020,2,103.7
EIUCOCHNZ3152,3152,2020,3,103.7
EIUCOCHNZ3152,3152,2020,4,103.6
EIUCOCHNZ3152,3152,2020,5,103.5
EIUCOCHNZ3152,3152,2020,6,101.8
EIUCOCHNZ3152,3152,2020,7,101.8
EIUCOCHNZ3152,3152,2020,8,101.9
EIUCOCHNZ3152,3152,2020,9,101.9
EIUCOCHNZ3152,3152,2020,10,102.2
EIUCOCHNZ3152,3152,2020,11,102.1
EIUCOCHNZ3152,3152,2020,12,102.1
EIUCOCHNZ3152,3152,2021,1,102.0
EIUCOCHNZ3152,3152,2021,2,102.1
EIUCOCHNZ3152,3152,2021,3,102.8
EIUCOCHNZ3152,3152,2021,4,103.2
EIUCOCHNZ3152,3152,2021,5,103.3
EIUCOCHNZ3152,3152,2021,6,103.3
EIUCOCHNZ3152,3152,2021,7,103.7
EIUCOCHNZ3152,3152,2021,8,103.8
EIUCOCHNZ3152,3152,2021,9,103.8
EIUCOCHNZ3152,3152,2021,10,103.9
EIUCOCHNZ3152,3152,2021,11,104.0
EIUCOCHNZ3152,3152,2021,12,104.3
EIUCOCHNZ3152,3152,2022,1,104.3
EIUCOCHNZ3152,3152,2022,2,104.2
EIUCOCHNZ3152,3152,2022,3,104.5
EIUCOCHNZ3152,3152,2022,4,104.8
EIUCOCHNZ3152,3152,2022,5,105.4
EIUCOCHNZ3152,3152,2022,6,106.6
EIUCOCHNZ3152,3152,2022,7,106.6
EIUCOCHNZ3152,3152,2022,8,107.2
EIUCOCHNZ3152,3152,2022,9,109.5
EIUCOCHNZ3152,3152,2022,10,110.3
EIUCOCHNZ3152,3152,2022,11,110.4
EIUCOCHNZ3152,3152,2022,12,110.4
EIUCOCHNZ3152,3152,2023,1,110.3
EIUCOCHNZ3152,3152,2023,2,111.1
EIUCOCHNZ3152,3152,2023,3,111.9
EIUCOCHNZ3152,3152,2023,4,111.9
EIUCOCHNZ3152,3152,2023,5,111.8
EIUCOCHNZ3152,3152,2023,6,111.7
EIUCOCHNZ3152,3152,2023,7,112.1
EIUCOCHNZ3152,3152,2023,8,112.3
EIUCOCHNZ3152,3152,2023,9,111.7
EIUCOCHNZ3152,3152,2023,10,111.1
EIUCOCHNZ3152,3152,2023,11,109.8
EIUCOCHNZ3152,3152,2023,12,109.8
EIUCOCHNZ3152,3152,2024,1,109.6
EIUCOCHNZ3152,3152,2024,2,109.4
EIUCOCHNZ3152,3152,2024,3,109.5
EIUCOCHNZ3152,3152,2024,4,109.6
EIUCOCHNZ3152,3152,2024,5,109.8
EIUCOCHNZ3152,3152,2024,6,109.9
EIUCOCHNZ3152,3152,2024,7,110.0
EIUCOCHNZ3152,3152,2024,8,110.0
EIUCOCHNZ3152,3152,2024,9,110.0
EIUCOCHNZ3152,3152,2024,10,110.0
EIUCOCHNZ3152,3152,2024,11,110.3
EIUCOCHNZ3152,3152,2024,12,110.3
EIUCOCHNZ316,316,2015,1,101.5
EIUCOCHNZ316,316,2015,2,101.6
EIUCOCHNZ316,316,2015,3,101.6
EIUCOCHNZ316,316,2015,4,101.7
EIUCOCHNZ316,316,2015,5,101.7
EIUCOCHNZ316,316,2015,6,101.8
EIUCOCHNZ316,316,2015,7,101.8
EIUCOCHNZ316,316,2015,8,101.8
EIUCOCHNZ316,316,2015,9,102.0
EIUCOCHNZ316,316,2015,10,102.0
EIUCOCHNZ316,316,2015,11,102.0
EIUCOCHNZ316,316,2015,12,101.9
EIUCOCHNZ316,316,2016,1,101.6
EIUCOCHNZ316,316,2016,2,101.6
EIUCOCHNZ316,316,2016,3,101.6
EIUCOCHNZ316,316,2016,4,101.5
EIUCOCHNZ316,316,2016,5,101.5
EIUCOCHNZ316,316,2016,6,101.3
EIUCOCHNZ316,316,2016,7,101.3
EIUCOCHNZ316,316,2016,8,101.1
EIUCOCHNZ316,316,2016,9,101.0
EIUCOCHNZ316,316,2016,10,101.0
EIUCOCHNZ316,316,2016,11,101.0
EIUCOCHNZ316,316,2016,12,101.0
EIUCOCHNZ316,316,2017,1,101.0
EIUCOCHNZ316,316,2017,2,101.0
EIUCOCHNZ316,316,2017,3,100.9
EIUCOCHNZ316,316,2017,4,100.9
EIUCOCHNZ316,316,2017,5,100.9
EIUCOCHNZ316,316,2017,6,100.9
EIUCOCHNZ316,316,2017,7,100.5
EIUCOCHNZ316,316,2017,8,100.5
EIUCOCHNZ316,316,2017,9,100.3
EIUCOCHNZ316,316,2017,10,100.5
EIUCOCHNZ316,316,2017,11,100.7
EIUCOCHNZ316,316,2017,12,100.8
EIUCOCHNZ316,316,2018,1,100.8
EIUCOCHNZ316,316,2018,2,100.9
EIUCOCHNZ316,316,2018,3,101.2
EIUCOCHNZ316,316,2018,4,101.2
EIUCOCHNZ316,316,2018,5,101.4
EIUCOCHNZ316,316,2018,6,101.5
EIUCOCHNZ316,316,2018,7,101.6
EIUCOCHNZ316,316,2018,8,101.6
EIUCOCHNZ316,316,2018,9,101.4
EIUCOCHNZ316,316,2018,10,101.5
EIUCOCHNZ316,316,2018,11,101.5
EIUCOCHNZ316,316,2018,12,101.8
EIUCOCHNZ316,316,2019,1,101.8
EIUCOCHNZ316,316,2019,2,101.7
EIUCOCHNZ316,316,2019,3,101.3
EIUCOCHNZ316,316,2019,4,101.3
EIUCOCHNZ316,316,2019,5,101.4
EIUCOCHNZ316,316,2019,6,101.4
EIUCOCHNZ316,316,2019,7,101.4
EIUCOCHNZ316,316,2019,8,101.2
EIUCOCHNZ316,316,2019,9,101.1
EIUCOCHNZ316,316,2019,10,101.2
EIUCOCHNZ316,316,2019,11,101.4
EIUCOCHNZ316,316,2019,12,101.2
EIUCOCHNZ316,316,2020,1,101.1
EIUCOCHNZ316,316,2020,2,101.5
EIUCOCHNZ316,316,2020,3,101.4
EIUCOCHNZ316,316,2020,4,101.4
EIUCOCHNZ316,316,2020,5,101.4
EIUCOCHNZ316,316,2020,6,101.3
EIUCOCHNZ316,316,2020,7,101.5
EIUCOCHNZ316,316,2020,8,101.5
EIUCOCHNZ316,316,2020,9,101.3
EIUCOCHNZ316,316,2020,10,102.1
EIUCOCHNZ316,316,2020,11,101.1
EIUCOCHNZ316,316,2020,12,101.6
EIUCOCHNZ316,316,2021,1,101.4
EIUCOCHNZ316,316,2021,2,101.5
EIUCOCHNZ316,316,2021,3,101.6
EIUCOCHNZ316,316,2021,4,101.7
EIUCOCHNZ316,316,2021,5,102.2
EIUCOCHNZ316,316,2021,6,103.1
EIUCOCHNZ316,316,2021,7,103.9
EIUCOCHNZ316,316,2021,8,103.8
EIUCOCHNZ316,316,2021,9,104.1
EIUCOCHNZ316,316,2021,10,104.3
EIUCOCHNZ316,316,2021,11,104.7
EIUCOCHNZ316,316,2021,12,105.3
EIUCOCHNZ316,316,2022,1,104.6
EIUCOCHNZ316,316,2022,2,104.9
EIUCOCHNZ316,316,2022,3,105.1
EIUCOCHNZ316,316,2022,4,105.3
EIUCOCHNZ316,316,2022,5,105.4
EIUCOCHNZ316,316,2022,6,105.2
EIUCOCHNZ316,316,2022,7,107.1
EIUCOCHNZ316,316,2022,8,107.4
EIUCOCHNZ316,316,2022,9,107.9
EIUCOCHNZ316,316,2022,10,107.7
EIUCOCHNZ316,316,2022,11,107.6
EIUCOCHNZ316,316,2022,12,107.3
EIUCOCHNZ316,316,2023,1,107.2
EIUCOCHNZ316,316,2023,2,107.2
EIUCOCHNZ316,316,2023,3,106.8
EIUCOCHNZ316,316,2023,4,106.8
EIUCOCHNZ316,316,2023,5,106.7
EIUCOCHNZ316,316,2023,6,106.7
EIUCOCHNZ316,316,2023,7,106.6
EIUCOCHNZ316,316,2023,8,106.5
EIUCOCHNZ316,316,2023,9,106.6
EIUCOCHNZ316,316,2023,10,106.5
EIUCOCHNZ316,316,2023,11,106.4
EIUCOCHNZ316,316,2023,12,106.0
EIUCOCHNZ316,316,2024,1,106.3
EIUCOCHNZ316,316,2024,2,106.3
EIUCOCHNZ316,316,2024,3,106.4
EIUCOCHNZ316,316,2024,4,106.6
EIUCOCHNZ316,316,2024,5,106.6
EIUCOCHNZ316,316,2024,6,107.1
EIUCOCHNZ316,316,2024,7,108.4
EIUCOCHNZ316,316,2024,8,108.4
EIUCOCHNZ316,316,2024,9,107.8
EIUCOCHNZ316,316,2024,10,107.7
EIUCOCHNZ316,316,2024,11,107.7
EIUCOCHNZ316,316,2024,12,108.0
EIUCOCHNZ3162,3162,2015,1,101.3
EIUCOCHNZ3162,3162,2015,2,101.5
EIUCOCHNZ3162,3162,2015,3,101.5
EIUCOCHNZ3162,3162,2015,4,101.6
EIUCOCHNZ3162,3162,2015,5,101.7
EIUCOCHNZ3162,3162,2015,6,101.7
EIUCOCHNZ3162,3162,2015,7,101.8
EIUCOCHNZ3162,3162,2015,8,101.8
EIUCOCHNZ3162,3162,2015,9,102.0
EIUCOCHNZ3162,3162,2015,10,102.0
EIUCOCHNZ3162,3162,2015,11,102.0
EIUCOCHNZ3162,3162,2015,12,101.8
EIUCOCHNZ3162,3162,2016,1,101.4
EIUCOCHNZ3162,3162,2016,2,101.4
EIUCOCHNZ3162,3162,2016,3,101.4
EIUCOCHNZ3162,3162,2016,4,101.4
EIUCOCHNZ3162,3162,2016,5,101.4
EIUCOCHNZ3162,3162,2016,6,101.4
EIUCOCHNZ3162,3162,2016,7,101.3
EIUCOCHNZ3162,3162,2016,8,101.0
EIUCOCHNZ3162,3162,2016,9,100.9
EIUCOCHNZ3162,3162,2016,10,100.9
EIUCOCHNZ3162,3162,2016,11,100.8
EIUCOCHNZ3162,3162,2016,12,100.9
EIUCOCHNZ3162,3162,2017,1,100.9
EIUCOCHNZ3162,3162,2017,2,100.8
EIUCOCHNZ3162,3162,2017,3,100.7
EIUCOCHNZ3162,3162,2017,4,100.7
EIUCOCHNZ3162,3162,2017,5,100.7
EIUCOCHNZ3162,3162,2017,6,100.6
EIUCOCHNZ3162,3162,2017,7,100.0
EIUCOCHNZ3162,3162,2017,8,100.0
EIUCOCHNZ3162,3162,2017,9,99.7
EIUCOCHNZ3162,3162,2017,10,99.9
EIUCOCHNZ3162,3162,2017,11,100.2
EIUCOCHNZ3162,3162,2017,12,100.3
EIUCOCHNZ3162,3162,2018,1,100.4
EIUCOCHNZ3162,3162,2018,2,100.4
EIUCOCHNZ3162,3162,2018,3,100.5
EIUCOCHNZ3162,3162,2018,4,100.5
EIUCOCHNZ3162,3162,2018,5,100.5
EIUCOCHNZ3162,3162,2018,6,100.9
EIUCOCHNZ3162,3162,2018,7,101.0
EIUCOCHNZ3162,3162,2018,8,101.1
EIUCOCHNZ3162,3162,2018,9,101.0
EIUCOCHNZ3162,3162,2018,10,101.1
EIUCOCHNZ3162,3162,2018,11,101.1
EIUCOCHNZ3162,3162,2018,12,101.4
EIUCOCHNZ3162,3162,2019,1,101.5
EIUCOCHNZ3162,3162,2019,2,101.4
EIUCOCHNZ3162,3162,2019,3,100.7
EIUCOCHNZ3162,3162,2019,4,100.7
EIUCOCHNZ3162,3162,2019,5,100.9
EIUCOCHNZ3162,3162,2019,6,100.8
EIUCOCHNZ3162,3162,2019,7,100.8
EIUCOCHNZ3162,3162,2019,8,100.7
EIUCOCHNZ3162,3162,2019,9,100.5
EIUCOCHNZ3162,3162,2019,10,100.7
EIUCOCHNZ3162,3162,2019,11,100.9
EIUCOCHNZ3162,3162,2019,12,100.8
EIUCOCHNZ3162,3162,2020,1,100.6
EIUCOCHNZ3162,3162,2020,2,100.7
EIUCOCHNZ3162,3162,2020,3,100.7
EIUCOCHNZ3162,3162,2020,4,100.8
EIUCOCHNZ3162,3162,2020,5,100.6
EIUCOCHNZ3162,3162,2020,6,100.5
EIUCOCHNZ3162,3162,2020,7,100.8
EIUCOCHNZ3162,3162,2020,8,100.9
EIUCOCHNZ3162,3162,2020,9,100.8
EIUCOCHNZ3162,3162,2020,10,102.0
EIUCOCHNZ3162,3162,2020,11,100.6
EIUCOCHNZ3162,3162,2020,12,101.1
EIUCOCHNZ3162,3162,2021,1,101.0
EIUCOCHNZ3162,3162,2021,2,101.0
EIUCOCHNZ3162,3162,2021,3,101.1
EIUCOCHNZ3162,3162,2021,4,101.3
EIUCOCHNZ3162,3162,2021,5,101.6
EIUCOCHNZ3162,3162,2021,6,102.5
EIUCOCHNZ3162,3162,2021,7,103.2
EIUCOCHNZ3162,3162,2021,8,103.3
EIUCOCHNZ3162,3162,2021,9,103.9
EIUCOCHNZ3162,3162,2021,10,104.2
EIUCOCHNZ3162,3162,2021,11,104.5
EIUCOCHNZ3162,3162,2021,12,105.0
EIUCOCHNZ3162,3162,2022,1,104.1
EIUCOCHNZ3162,3162,2022,2,104.4
EIUCOCHNZ3162,3162,2022,3,104.5
EIUCOCHNZ3162,3162,2022,4,104.4
EIUCOCHNZ3162,3162,2022,5,104.6
EIUCOCHNZ3162,3162,2022,6,104.3
EIUCOCHNZ3162,3162,2022,7,106.6
EIUCOCHNZ3162,3162,2022,8,106.9
EIUCOCHNZ3162,3162,2022,9,107.3
EIUCOCHNZ3162,3162,2022,10,107.2
EIUCOCHNZ3162,3162,2022,11,107.2
EIUCOCHNZ3162,3162,2022,12,106.7
EIUCOCHNZ3162,3162,2023,1,106.6
EIUCOCHNZ3162,3162,2023,2,106.6
EIUCOCHNZ3162,3162,2023,3,106.1
EIUCOCHNZ3162,3162,2023,4,106.1
EIUCOCHNZ3162,3162,2023,5,106.0
EIUCOCHNZ3162,3162,2023,6,106.0
EIUCOCHNZ3162,3162,2023,7,105.9
EIUCOCHNZ3162,3162,2023,8,105.8
EIUCOCHNZ3162,3162,2023,9,105.9
EIUCOCHNZ3162,3162,2023,10,105.8
EIUCOCHNZ3162,3162,2023,11,105.6
EIUCOCHNZ3162,3162,2023,12,105.2
EIUCOCHNZ3162,3162,2024,1,105.2
EIUCOCHNZ3162,3162,2024,2,105.3
EIUCOCHNZ3162,3162,2024,3,105.3
EIUCOCHNZ3162,3162,2024,4,105.3
EIUCOCHNZ3162,3162,2024,5,105.3
EIUCOCHNZ3162,3162,2024,6,105.9
EIUCOCHNZ3162,3162,2024,7,106.0
EIUCOCHNZ3162,3162,2024,8,105.9
EIUCOCHNZ3162,3162,2024,9,105.2
EIUCOCHNZ3162,3162,2024,10,105.1
EIUCOCHNZ3162,3162,2024,11,105.2
EIUCOCHNZ3162,3162,2024,12,105.4
EIUCOCHNZ32,32,2015,1,97.0
EIUCOCHNZ32,32,2015,2,96.6
EIUCOCHNZ32,32,2015,3,96.5
EIUCOCHNZ32,32,2015,4,96.2
EIUCOCHNZ32,32,2015,5,96.2
EIUCOCHNZ32,32,2015,6,96.3
EIUCOCHNZ32,32,2015,7,95.9
EIUCOCHNZ32,32,2015,8,95.9
EIUCOCHNZ32,32,2015,9,95.7
EIUCOCHNZ32,32,2015,10,95.3
EIUCOCHNZ32,32,2015,11,95.0
EIUCOCHNZ32,32,2015,12,94.8
EIUCOCHNZ32,32,2016,1,94.2
EIUCOCHNZ32,32,2016,2,94.3
EIUCOCHNZ32,32,2016,3,93.7
EIUCOCHNZ32,32,2016,4,93.5
EIUCOCHNZ32,32,2016,5,93.8
EIUCOCHNZ32,32,2016,6,93.8
EIUCOCHNZ32,32,2016,7,93.4
EIUCOCHNZ32,32,2016,8,93.5
EIUCOCHNZ32,32,2016,9,93.2
EIUCOCHNZ32,32,2016,10,92.9
EIUCOCHNZ32,32,2016,11,93.1
EIUCOCHNZ32,32,2016,12,92.8
EIUCOCHNZ32,32,2017,1,93.3
EIUCOCHNZ32,32,2017,2,93.5
EIUCOCHNZ32,32,2017,3,94.3
EIUCOCHNZ32,32,2017,4,94.5
EIUCOCHNZ32,32,2017,5,94.5
EIUCOCHNZ32,32,2017,6,94.3
EIUCOCHNZ32,32,2017,7,94.5
EIUCOCHNZ32,32,2017,8,94.8
EIUCOCHNZ32,32,2017,9,95.2
EIUCOCHNZ32,32,2017,10,95.8
EIUCOCHNZ32,32,2017,11,96.6
EIUCOCHNZ32,32,2017,12,97.6
EIUCOCHNZ32,32,2018,1,98.2
EIUCOCHNZ32,32,2018,2,98.4
EIUCOCHNZ32,32,2018,3,98.4
EIUCOCHNZ32,32,2018,4,98.8
EIUCOCHNZ32,32,2018,5,100.3
EIUCOCHNZ32,32,2018,6,100.6
EIUCOCHNZ32,32,2018,7,100.5
EIUCOCHNZ32,32,2018,8,100.2
EIUCOCHNZ32,32,2018,9,99.9
EIUCOCHNZ32,32,2018,10,98.4
EIUCOCHNZ32,32,2018,11,97.8
EIUCOCHNZ32,32,2018,12,97.2
EIUCOCHNZ32,32,2019,1,96.6
EIUCOCHNZ32,32,2019,2,96.8
EIUCOCHNZ32,32,2019,3,96.6
EIUCOCHNZ32,32,2019,4,96.6
EIUCOCHNZ32,32,2019,5,96.6
EIUCOCHNZ32,32,2019,6,95.8
EIUCOCHNZ32,32,2019,7,95.5
EIUCOCHNZ32,32,2019,8,95.4
EIUCOCHNZ32,32,2019,9,95.1
EIUCOCHNZ32,32,2019,10,95.5
EIUCOCHNZ32,32,2019,11,95.4
EIUCOCHNZ32,32,2019,12,95.1
EIUCOCHNZ32,32,2020,1,95.3
EIUCOCHNZ32,32,2020,2,95.0
EIUCOCHNZ32,32,2020,3,94.9
EIUCOCHNZ32,32,2020,4,94.5
EIUCOCHNZ32,32,2020,5,94.2
EIUCOCHNZ32,32,2020,6,94.6
EIUCOCHNZ32,32,2020,7,96.1
EIUCOCHNZ32,32,2020,8,96.7
EIUCOCHNZ32,32,2020,9,97.0
EIUCOCHNZ32,32,2020,10,96.9
EIUCOCHNZ32,32,2020,11,97.8
EIUCOCHNZ32,32,2020,12,99.4
EIUCOCHNZ32,32,2021,1,100.1
EIUCOCHNZ32,32,2021,2,100.9
EIUCOCHNZ32,32,2021,3,102.1
EIUCOCHNZ32,32,2021,4,102.3
EIUCOCHNZ32,32,2021,5,102.8
EIUCOCHNZ32,32,2021,6,104.1
EIUCOCHNZ32,32,2021,7,104.8
EIUCOCHNZ32,32,2021,8,105.2
EIUCOCHNZ32,32,2021,9,106.4
EIUCOCHNZ32,32,2021,10,107.9
EIUCOCHNZ32,32,2021,11,107.5
EIUCOCHNZ32,32,2021,12,110.5
EIUCOCHNZ32,32,2022,1,111.3
EIUCOCHNZ32,32,2022,2,111.1
EIUCOCHNZ32,32,2022,3,111.3
EIUCOCHNZ32,32,2022,4,110.6
EIUCOCHNZ32,32,2022,5,109.9
EIUCOCHNZ32,32,2022,6,108.7
EIUCOCHNZ32,32,2022,7,108.8
EIUCOCHNZ32,32,2022,8,108.5
EIUCOCHNZ32,32,2022,9,108.3
EIUCOCHNZ32,32,2022,10,108.0
EIUCOCHNZ32,32,2022,11,106.7
EIUCOCHNZ32,32,2022,12,105.8
EIUCOCHNZ32,32,2023,1,104.8
EIUCOCHNZ32,32,2023,2,104.4
EIUCOCHNZ32,32,2023,3,103.4
EIUCOCHNZ32,32,2023,4,102.8
EIUCOCHNZ32,32,2023,5,103.4
EIUCOCHNZ32,32,2023,6,102.6
EIUCOCHNZ32,32,2023,7,102.1
EIUCOCHNZ32,32,2023,8,102.2
EIUCOCHNZ32,32,2023,9,102.2
EIUCOCHNZ32,32,2023,10,102.0
EIUCOCHNZ32,32,2023,11,101.7
EIUCOCHNZ32,32,2023,12,101.4
EIUCOCHNZ32,32,2024,1,100.6
EIUCOCHNZ32,32,2024,2,100.1
EIUCOCHNZ32,32,2024,3,99.7
EIUCOCHNZ32,32,2024,4,99.9
EIUCOCHNZ32,32,2024,5,99.9
EIUCOCHNZ32,32,2024,6,99.9
EIUCOCHNZ32,32,2024,7,99.7
EIUCOCHNZ32,32,2024,8,99.7
EIUCOCHNZ32,32,2024,9,99.5
EIUCOCHNZ32,32,2024,10,99.5
EIUCOCHNZ32,32,2024,11,99.4
EIUCOCHNZ32,32,2024,12,99.7
EIUCOCHNZ325,325,2015,1,96.2
EIUCOCHNZ325,325,2015,2,95.9
EIUCOCHNZ325,325,2015,3,95.8
EIUCOCHNZ325,325,2015,4,95.9
EIUCOCHNZ325,325,2015,5,96.0
EIUCOCHNZ325,325,2015,6,95.8
EIUCOCHNZ325,325,2015,7,95.6
EIUCOCHNZ325,325,2015,8,95.5
EIUCOCHNZ325,325,2015,9,95.0
EIUCOCHNZ325,325,2015,10,94.8
EIUCOCHNZ325,325,2015,11,94.2
EIUCOCHNZ325,325,2015,12,93.9
EIUCOCHNZ325,325,2016,1,93.4
EIUCOCHNZ325,325,2016,2,93.4
EIUCOCHNZ325,325,2016,3,93.2
EIUCOCHNZ325,325,2016,4,93.2
EIUCOCHNZ325,325,2016,5,93.4
EIUCOCHNZ325,325,2016,6,93.4
EIUCOCHNZ325,325,2016,7,92.9
EIUCOCHNZ325,325,2016,8,93.0
EIUCOCHNZ325,325,2016,9,93.0
EIUCOCHNZ325,325,2016,10,93.0
EIUCOCHNZ325,325,2016,11,93.0
EIUCOCHNZ325,325,2016,12,93.0
EIUCOCHNZ325,325,2017,1,93.6
EIUCOCHNZ325,325,2017,2,94.1
EIUCOCHNZ325,325,2017,3,94.4
EIUCOCHNZ325,325,2017,4,95.4
EIUCOCHNZ325,325,2017,5,96.0
EIUCOCHNZ325,325,2017,6,96.0
EIUCOCHNZ325,325,2017,7,95.0
EIUCOCHNZ325,325,2017,8,95.6
EIUCOCHNZ325,325,2017,9,96.7
EIUCOCHNZ325,325,2017,10,98.5
EIUCOCHNZ325,325,2017,11,101.4
EIUCOCHNZ325,325,2017,12,104.6
EIUCOCHNZ325,325,2018,1,105.8
EIUCOCHNZ325,325,2018,2,105.8
EIUCOCHNZ325,325,2018,3,105.4
EIUCOCHNZ325,325,2018,4,105.8
EIUCOCHNZ325,325,2018,5,110.0
EIUCOCHNZ325,325,2018,6,110.9
EIUCOCHNZ325,325,2018,7,110.5
EIUCOCHNZ325,325,2018,8,110.0
EIUCOCHNZ325,325,2018,9,108.9
EIUCOCHNZ325,325,2018,10,105.5
EIUCOCHNZ325,325,2018,11,103.6
EIUCOCHNZ325,325,2018,12,101.6
EIUCOCHNZ325,325,2019,1,100.2
EIUCOCHNZ325,325,2019,2,100.5
EIUCOCHNZ325,325,2019,3,99.8
EIUCOCHNZ325,325,2019,4,99.7
EIUCOCHNZ325,325,2019,5,99.2
EIUCOCHNZ325,325,2019,6,98.0
EIUCOCHNZ325,325,2019,7,97.6
EIUCOCHNZ325,325,2019,8,97.6
EIUCOCHNZ325,325,2019,9,97.1
EIUCOCHNZ325,325,2019,10,97.2
EIUCOCHNZ325,325,2019,11,96.9
EIUCOCHNZ325,325,2019,12,96.2
EIUCOCHNZ325,325,2020,1,97.2
EIUCOCHNZ325,325,2020,2,96.9
EIUCOCHNZ325,325,2020,3,96.6
EIUCOCHNZ325,325,2020,4,96.4
EIUCOCHNZ325,325,2020,5,95.4
EIUCOCHNZ325,325,2020,6,95.1
EIUCOCHNZ325,325,2020,7,95.3
EIUCOCHNZ325,325,2020,8,97.1
EIUCOCHNZ325,325,2020,9,97.0
EIUCOCHNZ325,325,2020,10,96.2
EIUCOCHNZ325,325,2020,11,96.9
EIUCOCHNZ325,325,2020,12,99.9
EIUCOCHNZ325,325,2021,1,101.1
EIUCOCHNZ325,325,2021,2,102.4
EIUCOCHNZ325,325,2021,3,105.3
EIUCOCHNZ325,325,2021,4,106.3
EIUCOCHNZ325,325,2021,5,110.1
EIUCOCHNZ325,325,2021,6,113.9
EIUCOCHNZ325,325,2021,7,116.1
EIUCOCHNZ325,325,2021,8,117.8
EIUCOCHNZ325,325,2021,9,120.2
EIUCOCHNZ325,325,2021,10,125.3
EIUCOCHNZ325,325,2021,11,126.1
EIUCOCHNZ325,325,2021,12,134.5
EIUCOCHNZ325,325,2022,1,136.1
EIUCOCHNZ325,325,2022,2,135.9
EIUCOCHNZ325,325,2022,3,135.5
EIUCOCHNZ325,325,2022,4,134.5
EIUCOCHNZ325,325,2022,5,133.4
EIUCOCHNZ325,325,2022,6,130.1
EIUCOCHNZ325,325,2022,7,128.8
EIUCOCHNZ325,325,2022,8,127.6
EIUCOCHNZ325,325,2022,9,127.7
EIUCOCHNZ325,325,2022,10,126.7
EIUCOCHNZ325,325,2022,11,126.0
EIUCOCHNZ325,325,2022,12,123.6
EIUCOCHNZ325,325,2023,1,122.5
EIUCOCHNZ325,325,2023,2,121.7
EIUCOCHNZ325,325,2023,3,118.5
EIUCOCHNZ325,325,2023,4,117.8
EIUCOCHNZ325,325,2023,5,119.2
EIUCOCHNZ325,325,2023,6,117.6
EIUCOCHNZ325,325,2023,7,116.4
EIUCOCHNZ325,325,2023,8,116.8
EIUCOCHNZ325,325,2023,9,117.2
EIUCOCHNZ325,325,2023,10,117.2
EIUCOCHNZ325,325,2023,11,116.7
EIUCOCHNZ325,325,2023,12,116.2
EIUCOCHNZ325,325,2024,1,113.7
EIUCOCHNZ325,325,2024,2,113.5
EIUCOCHNZ325,325,2024,3,113.2
EIUCOCHNZ325,325,2024,4,113.7
EIUCOCHNZ325,325,2024,5,113.1
EIUCOCHNZ325,325,2024,6,113.0
EIUCOCHNZ325,325,2024,7,113.0
EIUCOCHNZ325,325,2024,8,113.2
EIUCOCHNZ325,325,2024,9,113.5
EIUCOCHNZ325,325,2024,10,113.4
EIUCOCHNZ325,325,2024,11,113.3
EIUCOCHNZ325,325,2024,12,114.0
EIUCOCHNZ326,326,2015,1,93.7
EIUCOCHNZ326,326,2015,2,93.0
EIUCOCHNZ326,326,2015,3,92.8
EIUCOCHNZ326,326,2015,4,92.2
EIUCOCHNZ326,326,2015,5,92.1
EIUCOCHNZ326,326,2015,6,92.0
EIUCOCHNZ326,326,2015,7,91.8
EIUCOCHNZ326,326,2015,8,92.4
EIUCOCHNZ326,326,2015,9,92.3
EIUCOCHNZ326,326,2015,10,91.8
EIUCOCHNZ326,326,2015,11,91.4
EIUCOCHNZ326,326,2015,12,91.1
EIUCOCHNZ326,326,2016,1,89.9
EIUCOCHNZ326,326,2016,2,90.3
EIUCOCHNZ326,326,2016,3,88.7
EIUCOCHNZ326,326,2016,4,88.4
EIUCOCHNZ326,326,2016,5,89.0
EIUCOCHNZ326,326,2016,6,89.0
EIUCOCHNZ326,326,2016,7,88.5
EIUCOCHNZ326,326,2016,8,89.0
EIUCOCHNZ326,326,2016,9,88.2
EIUCOCHNZ326,326,2016,10,87.6
EIUCOCHNZ326,326,2016,11,88.2
EIUCOCHNZ326,326,2016,12,87.3
EIUCOCHNZ326,326,2017,1,88.0
EIUCOCHNZ326,326,2017,2,88.2
EIUCOCHNZ326,326,2017,3,90.4
EIUCOCHNZ326,326,2017,4,90.1
EIUCOCHNZ326,326,2017,5,89.6
EIUCOCHNZ326,326,2017,6,89.5
EIUCOCHNZ326,326,2017,7,91.1
EIUCOCHNZ326,326,2017,8,91.0
EIUCOCHNZ326,326,2017,9,91.2
EIUCOCHNZ326,326,2017,10,91.0
EIUCOCHNZ326,326,2017,11,90.8
EIUCOCHNZ326,326,2017,12,90.9
EIUCOCHNZ326,326,2018,1,90.7
EIUCOCHNZ326,326,2018,2,91.3
EIUCOCHNZ326,326,2018,3,91.3
EIUCOCHNZ326,326,2018,4,91.4
EIUCOCHNZ326,326,2018,5,91.3
EIUCOCHNZ326,326,2018,6,91.1
EIUCOCHNZ326,326,2018,7,91.1
EIUCOCHNZ326,326,2018,8,90.8
EIUCOCHNZ326,326,2018,9,90.2
EIUCOCHNZ326,326,2018,10,89.9
EIUCOCHNZ326,326,2018,11,90.3
EIUCOCHNZ326,326,2018,12,90.1
EIUCOCHNZ326,326,2019,1,89.7
EIUCOCHNZ326,326,2019,2,89.7
EIUCOCHNZ326,326,2019,3,89.7
EIUCOCHNZ326,326,2019,4,89.4
EIUCOCHNZ326,326,2019,5,89.4
EIUCOCHNZ326,326,2019,6,89.3
EIUCOCHNZ326,326,2019,7,88.6
EIUCOCHNZ326,326,2019,8,88.7
EIUCOCHNZ326,326,2019,9,88.6
EIUCOCHNZ326,326,2019,10,89.5
EIUCOCHNZ326,326,2019,11,89.4
EIUCOCHNZ326,326,2019,12,89.0
EIUCOCHNZ326,326,2020,1,89.0
EIUCOCHNZ326,326,2020,2,89.1
EIUCOCHNZ326,326,2020,3,89.1
EIUCOCHNZ326,326,2020,4,89.0
EIUCOCHNZ326,326,2020,5,88.9
EIUCOCHNZ326,326,2020,6,89.7
EIUCOCHNZ326,326,2020,7,93.3
EIUCOCHNZ326,326,2020,8,94.4
EIUCOCHNZ326,326,2020,9,95.4
EIUCOCHNZ326,326,2020,10,95.7
EIUCOCHNZ326,326,2020,11,97.6
EIUCOCHNZ326,326,2020,12,98.3
EIUCOCHNZ326,326,2021,1,98.9
EIUCOCHNZ326,326,2021,2,100.1
EIUCOCHNZ326,326,2021,3,99.6
EIUCOCHNZ326,326,2021,4,98.5
EIUCOCHNZ326,326,2021,5,96.2
EIUCOCHNZ326,326,2021,6,96.1
EIUCOCHNZ326,326,2021,7,96.0
EIUCOCHNZ326,326,2021,8,95.9
EIUCOCHNZ326,326,2021,9,97.3
EIUCOCHNZ326,326,2021,10,96.9
EIUCOCHNZ326,326,2021,11,97.7
EIUCOCHNZ326,326,2021,12,97.7
EIUCOCHNZ326,326,2022,1,97.9
EIUCOCHNZ326,326,2022,2,97.3
EIUCOCHNZ326,326,2022,3,97.3
EIUCOCHNZ326,326,2022,4,96.3
EIUCOCHNZ326,326,2022,5,94.9
EIUCOCHNZ326,326,2022,6,94.8
EIUCOCHNZ326,326,2022,7,95.8
EIUCOCHNZ326,326,2022,8,95.7
EIUCOCHNZ326,326,2022,9,95.8
EIUCOCHNZ326,326,2022,10,95.8
EIUCOCHNZ326,326,2022,11,95.4
EIUCOCHNZ326,326,2022,12,95.1
EIUCOCHNZ326,326,2023,1,93.2
EIUCOCHNZ326,326,2023,2,93.1
EIUCOCHNZ326,326,2023,3,93.7
EIUCOCHNZ326,326,2023,4,92.7
EIUCOCHNZ326,326,2023,5,92.4
EIUCOCHNZ326,326,2023,6,92.3
EIUCOCHNZ326,326,2023,7,92.3
EIUCOCHNZ326,326,2023,8,92.3
EIUCOCHNZ326,326,2023,9,92.1
EIUCOCHNZ326,326,2023,10,91.8
EIUCOCHNZ326,326,2023,11,91.5
EIUCOCHNZ326,326,2023,12,91.8
EIUCOCHNZ326,326,2024,1,92.0
EIUCOCHNZ326,326,2024,2,91.9
EIUCOCHNZ326,326,2024,3,91.9
EIUCOCHNZ326,326,2024,4,91.9
EIUCOCHNZ326,326,2024,5,91.8
EIUCOCHNZ326,326,2024,6,91.9
EIUCOCHNZ326,326,2024,7,91.6
EIUCOCHNZ326,326,2024,8,91.7
EIUCOCHNZ326,326,2024,9,91.7
EIUCOCHNZ326,326,2024,10,91.7
EIUCOCHNZ326,326,2024,11,91.7
EIUCOCHNZ326,326,2024,12,91.4
EIUCOCHNZ3261,3261,2015,1,98.6
EIUCOCHNZ3261,3261,2015,2,98.4
EIUCOCHNZ3261,3261,2015,3,98.2
EIUCOCHNZ3261,3261,2015,4,98.1
EIUCOCHNZ3261,3261,2015,5,98.2
EIUCOCHNZ3261,3261,2015,6,98.2
EIUCOCHNZ3261,3261,2015,7,98.2
EIUCOCHNZ3261,3261,2015,8,98.2
EIUCOCHNZ3261,3261,2015,9,98.1
EIUCOCHNZ3261,3261,2015,10,98.0
EIUCOCHNZ3261,3261,2015,11,97.9
EIUCOCHNZ3261,3261,2015,12,98.0
EIUCOCHNZ3261,3261,2016,1,97.7
EIUCOCHNZ3261,3261,2016,2,97.8
EIUCOCHNZ3261,3261,2016,3,97.5
EIUCOCHNZ3261,3261,2016,4,97.2
EIUCOCHNZ3261,3261,2016,5,97.2
EIUCOCHNZ3261,3261,2016,6,96.9
EIUCOCHNZ3261,3261,2016,7,96.4
EIUCOCHNZ3261,3261,2016,8,96.2
EIUCOCHNZ3261,3261,2016,9,95.6
EIUCOCHNZ3261,3261,2016,10,95.6
EIUCOCHNZ3261,3261,2016,11,96.2
EIUCOCHNZ3261,3261,2016,12,95.0
EIUCOCHNZ3261,3261,2017,1,95.5
EIUCOCHNZ3261,3261,2017,2,95.7
EIUCOCHNZ3261,3261,2017,3,97.8
EIUCOCHNZ3261,3261,2017,4,96.4
EIUCOCHNZ3261,3261,2017,5,95.7
EIUCOCHNZ3261,3261,2017,6,95.9
EIUCOCHNZ3261,3261,2017,7,98.0
EIUCOCHNZ3261,3261,2017,8,98.1
EIUCOCHNZ3261,3261,2017,9,98.3
EIUCOCHNZ3261,3261,2017,10,98.0
EIUCOCHNZ3261,3261,2017,11,98.2
EIUCOCHNZ3261,3261,2017,12,98.2
EIUCOCHNZ3261,3261,2018,1,98.2
EIUCOCHNZ3261,3261,2018,2,98.3
EIUCOCHNZ3261,3261,2018,3,98.8
EIUCOCHNZ3261,3261,2018,4,98.8
EIUCOCHNZ3261,3261,2018,5,98.6
EIUCOCHNZ3261,3261,2018,6,98.4
EIUCOCHNZ3261,3261,2018,7,98.5
EIUCOCHNZ3261,3261,2018,8,98.2
EIUCOCHNZ3261,3261,2018,9,97.4
EIUCOCHNZ3261,3261,2018,10,97.2
EIUCOCHNZ3261,3261,2018,11,97.8
EIUCOCHNZ3261,3261,2018,12,97.8
EIUCOCHNZ3261,3261,2019,1,97.4
EIUCOCHNZ3261,3261,2019,2,97.5
EIUCOCHNZ3261,3261,2019,3,97.4
EIUCOCHNZ3261,3261,2019,4,97.1
EIUCOCHNZ3261,3261,2019,5,97.0
EIUCOCHNZ3261,3261,2019,6,96.9
EIUCOCHNZ3261,3261,2019,7,96.8
EIUCOCHNZ3261,3261,2019,8,96.9
EIUCOCHNZ3261,3261,2019,9,96.8
EIUCOCHNZ3261,3261,2019,10,96.8
EIUCOCHNZ3261,3261,2019,11,96.8
EIUCOCHNZ3261,3261,2019,12,96.5
EIUCOCHNZ3261,3261,2020,1,96.6
EIUCOCHNZ3261,3261,2020,2,96.6
EIUCOCHNZ3261,3261,2020,3,96.6
EIUCOCHNZ3261,3261,2020,4,96.5
EIUCOCHNZ3261,3261,2020,5,96.6
EIUCOCHNZ3261,3261,2020,6,97.9
EIUCOCHNZ3261,3261,2020,7,102.2
EIUCOCHNZ3261,3261,2020,8,103.9
EIUCOCHNZ3261,3261,2020,9,105.3
EIUCOCHNZ3261,3261,2020,10,105.7
EIUCOCHNZ3261,3261,2020,11,108.4
EIUCOCHNZ3261,3261,2020,12,109.1
EIUCOCHNZ3261,3261,2021,1,109.8
EIUCOCHNZ3261,3261,2021,2,110.1
EIUCOCHNZ3261,3261,2021,3,109.3
EIUCOCHNZ3261,3261,2021,4,107.4
EIUCOCHNZ3261,3261,2021,5,104.7
EIUCOCHNZ3261,3261,2021,6,104.6
EIUCOCHNZ3261,3261,2021,7,104.5
EIUCOCHNZ3261,3261,2021,8,103.9
EIUCOCHNZ3261,3261,2021,9,105.4
EIUCOCHNZ3261,3261,2021,10,105.0
EIUCOCHNZ3261,3261,2021,11,106.1
EIUCOCHNZ3261,3261,2021,12,106.7
EIUCOCHNZ3261,3261,2022,1,106.8
EIUCOCHNZ3261,3261,2022,2,106.0
EIUCOCHNZ3261,3261,2022,3,106.1
EIUCOCHNZ3261,3261,2022,4,104.8
EIUCOCHNZ3261,3261,2022,5,103.1
EIUCOCHNZ3261,3261,2022,6,103.0
EIUCOCHNZ3261,3261,2022,7,104.2
EIUCOCHNZ3261,3261,2022,8,104.2
EIUCOCHNZ3261,3261,2022,9,104.1
EIUCOCHNZ3261,3261,2022,10,104.0
EIUCOCHNZ3261,3261,2022,11,103.9
EIUCOCHNZ3261,3261,2022,12,103.5
EIUCOCHNZ3261,3261,2023,1,101.3
EIUCOCHNZ3261,3261,2023,2,101.0
EIUCOCHNZ3261,3261,2023,3,101.8
EIUCOCHNZ3261,3261,2023,4,100.8
EIUCOCHNZ3261,3261,2023,5,100.3
EIUCOCHNZ3261,3261,2023,6,100.3
EIUCOCHNZ3261,3261,2023,7,100.2
EIUCOCHNZ3261,3261,2023,8,100.2
EIUCOCHNZ3261,3261,2023,9,100.0
EIUCOCHNZ3261,3261,2023,10,99.6
EIUCOCHNZ3261,3261,2023,11,99.2
EIUCOCHNZ3261,3261,2023,12,99.3
EIUCOCHNZ3261,3261,2024,1,99.6
EIUCOCHNZ3261,3261,2024,2,99.3
EIUCOCHNZ3261,3261,2024,3,99.3
EIUCOCHNZ3261,3261,2024,4,99.4
EIUCOCHNZ3261,3261,2024,5,99.2
EIUCOCHNZ3261,3261,2024,6,99.3
EIUCOCHNZ3261,3261,2024,7,99.0
EIUCOCHNZ3261,3261,2024,8,99.1
EIUCOCHNZ3261,3261,2024,9,99.1
EIUCOCHNZ3261,3261,2024,10,99.1
EIUCOCHNZ3261,3261,2024,11,99.1
EIUCOCHNZ3261,3261,2024,12,99.0
EIUCOCHNZ33,33,2015,1,98.0
EIUCOCHNZ33,33,2015,2,97.9
EIUCOCHNZ33,33,2015,3,97.8
EIUCOCHNZ33,33,2015,4,97.8
EIUCOCHNZ33,33,2015,5,97.4
EIUCOCHNZ33,33,2015,6,97.3
EIUCOCHNZ33,33,2015,7,97.1
EIUCOCHNZ33,33,2015,8,96.9
EIUCOCHNZ33,33,2015,9,96.8
EIUCOCHNZ33,33,2015,10,96.7
EIUCOCHNZ33,33,2015,11,96.4
EIUCOCHNZ33,33,2015,12,96.3
EIUCOCHNZ33,33,2016,1,96.2
EIUCOCHNZ33,33,2016,2,96.0
EIUCOCHNZ33,33,2016,3,95.8
EIUCOCHNZ33,33,2016,4,95.7
EIUCOCHNZ33,33,2016,5,95.7
EIUCOCHNZ33,33,2016,6,95.4
EIUCOCHNZ33,33,2016,7,95.4
EIUCOCHNZ33,33,2016,8,95.2
EIUCOCHNZ33,33,2016,9,95.1
EIUCOCHNZ33,33,2016,10,95.0
EIUCOCHNZ33,33,2016,11,94.5
EIUCOCHNZ33,33,2016,12,94.5
EIUCOCHNZ33,33,2017,1,94.1
EIUCOCHNZ33,33,2017,2,94.3
EIUCOCHNZ33,33,2017,3,94.4
EIUCOCHNZ33,33,2017,4,94.2
EIUCOCHNZ33,33,2017,5,94.2
EIUCOCHNZ33,33,2017,6,94.1
EIUCOCHNZ33,33,2017,7,94.2
EIUCOCHNZ33,33,2017,8,94.1
EIUCOCHNZ33,33,2017,9,93.7
EIUCOCHNZ33,33,2017,10,93.6
EIUCOCHNZ33,33,2017,11,93.7
EIUCOCHNZ33,33,2017,12,93.6
EIUCOCHNZ33,33,2018,1,93.6
EIUCOCHNZ33,33,2018,2,93.7
EIUCOCHNZ33,33,2018,3,93.8
EIUCOCHNZ33,33,2018,4,93.7
EIUCOCHNZ33,33,2018,5,93.6
EIUCOCHNZ33,33,2018,6,93.6
EIUCOCHNZ33,33,2018,7,93.5
EIUCOCHNZ33,33,2018,8,93.3
EIUCOCHNZ33,33,2018,9,93.3
EIUCOCHNZ33,33,2018,10,93.3
EIUCOCHNZ33,33,2018,11,93.2
EIUCOCHNZ33,33,2018,12,93.1
EIUCOCHNZ33,33,2019,1,92.9
EIUCOCHNZ33,33,2019,2,92.7
EIUCOCHNZ33,33,2019,3,92.7
EIUCOCHNZ33,33,2019,4,92.4
EIUCOCHNZ33,33,2019,5,92.3
EIUCOCHNZ33,33,2019,6,92.1
EIUCOCHNZ33,33,2019,7,91.9
EIUCOCHNZ33,33,2019,8,91.8
EIUCOCHNZ33,33,2019,9,91.6
EIUCOCHNZ33,33,2019,10,91.4
EIUCOCHNZ33,33,2019,11,91.3
EIUCOCHNZ33,33,2019,12,91.6
EIUCOCHNZ33,33,2020,1,91.6
EIUCOCHNZ33,33,2020,2,91.3
EIUCOCHNZ33,33,2020,3,91.4
EIUCOCHNZ33,33,2020,4,91.5
EIUCOCHNZ33,33,2020,5,91.5
EIUCOCHNZ33,33,2020,6,91.6
EIUCOCHNZ33,33,2020,7,91.5
EIUCOCHNZ33,33,2020,8,91.5
EIUCOCHNZ33,33,2020,9,91.5
EIUCOCHNZ33,33,2020,10,91.3
EIUCOCHNZ33,33,2020,11,91.4
EIUCOCHNZ33,33,2020,12,91.6
EIUCOCHNZ33,33,2021,1,91.9
EIUCOCHNZ33,33,2021,2,92.2
EIUCOCHNZ33,33,2021,3,92.4
EIUCOCHNZ33,33,2021,4,92.9
EIUCOCHNZ33,33,2021,5,93.3
EIUCOCHNZ33,33,2021,6,93.5
EIUCOCHNZ33,33,2021,7,94.1
EIUCOCHNZ33,33,2021,8,94.4
EIUCOCHNZ33,33,2021,9,94.3
EIUCOCHNZ33,33,2021,10,94.4
EIUCOCHNZ33,33,2021,11,94.7
EIUCOCHNZ33,33,2021,12,95.0
EIUCOCHNZ33,33,2022,1,95.4
EIUCOCHNZ33,33,2022,2,95.9
EIUCOCHNZ33,33,2022,3,96.5
EIUCOCHNZ33,33,2022,4,96.7
EIUCOCHNZ33,33,2022,5,96.8
EIUCOCHNZ33,33,2022,6,96.6
EIUCOCHNZ33,33,2022,7,96.6
EIUCOCHNZ33,33,2022,8,96.5
EIUCOCHNZ33,33,2022,9,96.5
EIUCOCHNZ33,33,2022,10,96.9
EIUCOCHNZ33,33,2022,11,97.0
EIUCOCHNZ33,33,2022,12,97.0
EIUCOCHNZ33,33,2023,1,96.5
EIUCOCHNZ33,33,2023,2,96.5
EIUCOCHNZ33,33,2023,3,96.0
EIUCOCHNZ33,33,2023,4,95.7
EIUCOCHNZ33,33,2023,5,95.2
EIUCOCHNZ33,33,2023,6,94.9
EIUCOCHNZ33,33,2023,7,94.6
EIUCOCHNZ33,33,2023,8,94.6
EIUCOCHNZ33,33,2023,9,94.5
EIUCOCHNZ33,33,2023,10,94.4
EIUCOCHNZ33,33,2023,11,94.3
EIUCOCHNZ33,33,2023,12,94.2
EIUCOCHNZ33,33,2024,1,93.9
EIUCOCHNZ33,33,2024,2,93.8
EIUCOCHNZ33,33,2024,3,93.9
EIUCOCHNZ33,33,2024,4,93.8
EIUCOCHNZ33,33,2024,5,93.7
EIUCOCHNZ33,33,2024,6,93.7
EIUCOCHNZ33,33,2024,7,93.6
EIUCOCHNZ33,33,2024,8,93.5
EIUCOCHNZ33,33,2024,9,93.6
EIUCOCHNZ33,33,2024,10,93.6
EIUCOCHNZ33,33,2024,11,93.5
EIUCOCHNZ33,33,2024,12,93.4
EIUCOCHNZ332,332,2015,1,100.9
EIUCOCHNZ332,332,2015,2,100.5
EIUCOCHNZ332,332,2015,3,100.5
EIUCOCHNZ332,332,2015,4,100.6
EIUCOCHNZ332,332,2015,5,100.5
EIUCOCHNZ332,332,2015,6,100.4
EIUCOCHNZ332,332,2015,7,100.3
EIUCOCHNZ332,332,2015,8,100.3
EIUCOCHNZ332,332,2015,9,100.3
EIUCOCHNZ332,332,2015,10,100.2
EIUCOCHNZ332,332,2015,11,99.3
EIUCOCHNZ332,332,2015,12,99.2
EIUCOCHNZ332,332,2016,1,99.1
EIUCOCHNZ332,332,2016,2,98.4
EIUCOCHNZ332,332,2016,3,98.2
EIUCOCHNZ332,332,2016,4,98.1
EIUCOCHNZ332,332,2016,5,97.9
EIUCOCHNZ332,332,2016,6,97.8
EIUCOCHNZ332,332,2016,7,97.8
EIUCOCHNZ332,332,2016,8,97.7
EIUCOCHNZ332,332,2016,9,97.5
EIUCOCHNZ332,332,2016,10,97.2
EIUCOCHNZ332,332,2016,11,97.1
EIUCOCHNZ332,332,2016,12,97.0
EIUCOCHNZ332,332,2017,1,97.1
EIUCOCHNZ332,332,2017,2,97.3
EIUCOCHNZ332,332,2017,3,97.6
EIUCOCHNZ332,332,2017,4,97.8
EIUCOCHNZ332,332,2017,5,97.7
EIUCOCHNZ332,332,2017,6,97.9
EIUCOCHNZ332,332,2017,7,97.9
EIUCOCHNZ332,332,2017,8,98.3
EIUCOCHNZ332,332,2017,9,99.2
EIUCOCHNZ332,332,2017,10,99.5
EIUCOCHNZ332,332,2017,11,100.6
EIUCOCHNZ332,332,2017,12,100.8
EIUCOCHNZ332,332,2018,1,101.5
EIUCOCHNZ332,332,2018,2,101.5
EIUCOCHNZ332,332,2018,3,102.3
EIUCOCHNZ332,332,2018,4,102.3
EIUCOCHNZ332,332,2018,5,102.8
EIUCOCHNZ332,332,2018,6,102.8
EIUCOCHNZ332,332,2018,7,102.7
EIUCOCHNZ332,332,2018,8,102.8
EIUCOCHNZ332,332,2018,9,102.7
EIUCOCHNZ332,332,2018,10,102.8
EIUCOCHNZ332,332,2018,11,102.6
EIUCOCHNZ332,332,2018,12,102.6
EIUCOCHNZ332,332,2019,1,101.9
EIUCOCHNZ332,332,2019,2,101.7
EIUCOCHNZ332,332,2019,3,101.9
EIUCOCHNZ332,332,2019,4,101.9
EIUCOCHNZ332,332,2019,5,102.0
EIUCOCHNZ332,332,2019,6,101.9
EIUCOCHNZ332,332,2019,7,102.0
EIUCOCHNZ332,332,2019,8,102.6
EIUCOCHNZ332,332,2019,9,102.0
EIUCOCHNZ332,332,2019,10,101.8
EIUCOCHNZ332,332,2019,11,101.4
EIUCOCHNZ332,332,2019,12,102.6
EIUCOCHNZ332,332,2020,1,101.7
EIUCOCHNZ332,332,2020,2,101.6
EIUCOCHNZ332,332,2020,3,101.1
EIUCOCHNZ332,332,2020,4,101.0
EIUCOCHNZ332,332,2020,5,100.9
EIUCOCHNZ332,332,2020,6,101.1
EIUCOCHNZ332,332,2020,7,101.0
EIUCOCHNZ332,332,2020,8,101.4
EIUCOCHNZ332,332,2020,9,101.5
EIUCOCHNZ332,332,2020,10,101.4
EIUCOCHNZ332,332,2020,11,101.6
EIUCOCHNZ332,332,2020,12,101.9
EIUCOCHNZ332,332,2021,1,102.8
EIUCOCHNZ332,332,2021,2,104.4
EIUCOCHNZ332,332,2021,3,105.0
EIUCOCHNZ332,332,2021,4,106.5
EIUCOCHNZ332,332,2021,5,107.2
EIUCOCHNZ332,332,2021,6,107.7
EIUCOCHNZ332,332,2021,7,108.1
EIUCOCHNZ332,332,2021,8,109.3
EIUCOCHNZ332,332,2021,9,109.6
EIUCOCHNZ332,332,2021,10,110.4
EIUCOCHNZ332,332,2021,11,110.3
EIUCOCHNZ332,332,2021,12,110.4
EIUCOCHNZ332,332,2022,1,111.0
EIUCOCHNZ332,332,2022,2,111.3
EIUCOCHNZ332,332,2022,3,114.0
EIUCOCHNZ332,332,2022,4,115.7
EIUCOCHNZ332,332,2022,5,116.1
EIUCOCHNZ332,332,2022,6,114.3
EIUCOCHNZ332,332,2022,7,114.6
EIUCOCHNZ332,332,2022,8,114.5
EIUCOCHNZ332,332,2022,9,114.4
EIUCOCHNZ332,332,2022,10,114.2
EIUCOCHNZ332,332,2022,11,114.0
EIUCOCHNZ332,332,2022,12,114.6
EIUCOCHNZ332,332,2023,1,114.3
EIUCOCHNZ332,332,2023,2,113.2
EIUCOCHNZ332,332,2023,3,113.1
EIUCOCHNZ332,332,2023,4,113.1
EIUCOCHNZ332,332,2023,5,112.5
EIUCOCHNZ332,332,2023,6,112.4
EIUCOCHNZ332,332,2023,7,110.7
EIUCOCHNZ332,332,2023,8,110.4
EIUCOCHNZ332,332,2023,9,110.1
EIUCOCHNZ332,332,2023,10,109.5
EIUCOCHNZ332,332,2023,11,109.1
EIUCOCHNZ332,332,2023,12,108.8
EIUCOCHNZ332,332,2024,1,108.3
EIUCOCHNZ332,332,2024,2,108.5
EIUCOCHNZ332,332,2024,3,108.7
EIUCOCHNZ332,332,2024,4,108.8
EIUCOCHNZ332,332,2024,5,108.1
EIUCOCHNZ332,332,2024,6,108.0
EIUCOCHNZ332,332,2024,7,108.0
EIUCOCHNZ332,332,2024,8,108.1
EIUCOCHNZ332,332,2024,9,108.1
EIUCOCHNZ332,332,2024,10,107.8
EIUCOCHNZ332,332,2024,11,107.5
EIUCOCHNZ332,332,2024,12,107.3
EIUCOCHNZ3322,3322,2019,12,100.0
EIUCOCHNZ3322,3322,2020,1,98.5
EIUCOCHNZ3322,3322,2020,2,98.4
EIUCOCHNZ3322,3322,2020,3,97.0
EIUCOCHNZ3322,3322,2020,4,96.9
EIUCOCHNZ3322,3322,2020,5,96.8
EIUCOCHNZ3322,3322,2020,6,96.8
EIUCOCHNZ3322,3322,2020,7,96.8
EIUCOCHNZ3322,3322,2020,8,96.4
EIUCOCHNZ3322,3322,2020,9,96.1
EIUCOCHNZ3322,3322,2020,10,95.9
EIUCOCHNZ3322,3322,2020,11,95.9
EIUCOCHNZ3322,3322,2020,12,96.0
EIUCOCHNZ3322,3322,2021,1,96.9
EIUCOCHNZ3322,3322,2021,2,97.8
EIUCOCHNZ3322,3322,2021,3,97.8
EIUCOCHNZ3322,3322,2021,4,97.8
EIUCOCHNZ3322,3322,2021,5,98.4
EIUCOCHNZ3322,3322,2021,6,98.6
EIUCOCHNZ3322,3322,2021,7,98.8
EIUCOCHNZ3322,3322,2021,8,99.0
EIUCOCHNZ3322,3322,2021,9,99.3
EIUCOCHNZ3322,3322,2021,10,99.2
EIUCOCHNZ3322,3322,2021,11,99.8
EIUCOCHNZ3322,3322,2021,12,99.9
EIUCOCHNZ3322,3322,2022,1,99.7
EIUCOCHNZ3322,3322,2022,2,100.7
EIUCOCHNZ3322,3322,2022,3,105.7
EIUCOCHNZ3322,3322,2022,4,106.0
EIUCOCHNZ3322,3322,2022,5,106.7
EIUCOCHNZ3322,3322,2022,6,105.9
EIUCOCHNZ3322,3322,2022,7,106.2
EIUCOCHNZ3322,3322,2022,8,106.3
EIUCOCHNZ3322,3322,2022,9,106.6
EIUCOCHNZ3322,3322,2022,10,106.4
EIUCOCHNZ3322,3322,2022,11,106.2
EIUCOCHNZ3322,3322,2022,12,106.1
EIUCOCHNZ3322,3322,2023,1,106.3
EIUCOCHNZ3322,3322,2023,2,106.0
EIUCOCHNZ3322,3322,2023,3,105.8
EIUCOCHNZ3322,3322,2023,4,105.6
EIUCOCHNZ3322,3322,2023,5,105.4
EIUCOCHNZ3322,3322,2023,6,105.3
EIUCOCHNZ3322,3322,2023,7,105.1
EIUCOCHNZ3322,3322,2023,8,104.7
EIUCOCHNZ3322,3322,2023,9,104.6
EIUCOCHNZ3322,3322,2023,10,104.1
EIUCOCHNZ3322,3322,2023,11,103.6
EIUCOCHNZ3322,3322,2023,12,103.1
EIUCOCHNZ3322,3322,2024,1,102.5
EIUCOCHNZ3322,3322,2024,2,102.5
EIUCOCHNZ3322,3322,2024,3,102.5
EIUCOCHNZ3322,3322,2024,4,102.2
EIUCOCHNZ3322,3322,2024,5,102.0
EIUCOCHNZ3322,3322,2024,6,101.7
EIUCOCHNZ3322,3322,2024,7,101.5
EIUCOCHNZ3322,3322,2024,8,101.5
EIUCOCHNZ3322,3322,2024,9,101.5
EIUCOCHNZ3322,3322,2024,10,101.0
EIUCOCHNZ3322,3322,2024,11,100.6
EIUCOCHNZ3322,3322,2024,12,100.2
EIUCOCHNZ333,333,2015,1,99.2
EIUCOCHNZ333,333,2015,2,99.1
EIUCOCHNZ333,333,2015,3,99.2
EIUCOCHNZ333,333,2015,4,99.2
EIUCOCHNZ333,333,2015,5,99.2
EIUCOCHNZ333,333,2015,6,98.9
EIUCOCHNZ333,333,2015,7,98.9
EIUCOCHNZ333,333,2015,8,98.9
EIUCOCHNZ333,333,2015,9,98.9
EIUCOCHNZ333,333,2015,10,98.7
EIUCOCHNZ333,333,2015,11,98.4
EIUCOCHNZ333,333,2015,12,98.1
EIUCOCHNZ333,333,2016,1,97.9
EIUCOCHNZ333,333,2016,2,98.1
EIUCOCHNZ333,333,2016,3,98.2
EIUCOCHNZ333,333,2016,4,98.0
EIUCOCHNZ333,333,2016,5,97.9
EIUCOCHNZ333,333,2016,6,97.3
EIUCOCHNZ333,333,2016,7,97.4
EIUCOCHNZ333,333,2016,8,97.4
EIUCOCHNZ333,333,2016,9,97.4
EIUCOCHNZ333,333,2016,10,97.4
EIUCOCHNZ333,333,2016,11,97.1
EIUCOCHNZ333,333,2016,12,97.2
EIUCOCHNZ333,333,2017,1,97.3
EIUCOCHNZ333,333,2017,2,97.2
EIUCOCHNZ333,333,2017,3,97.2
EIUCOCHNZ333,333,2017,4,96.8
EIUCOCHNZ333,333,2017,5,96.7
EIUCOCHNZ333,333,2017,6,96.7
EIUCOCHNZ333,333,2017,7,96.4
EIUCOCHNZ333,333,2017,8,96.4
EIUCOCHNZ333,333,2017,9,96.4
EIUCOCHNZ333,333,2017,10,96.0
EIUCOCHNZ333,333,2017,11,96.1
EIUCOCHNZ333,333,2017,12,96.2
EIUCOCHNZ333,333,2018,1,96.6
EIUCOCHNZ333,333,2018,2,96.8
EIUCOCHNZ333,333,2018,3,97.3
EIUCOCHNZ333,333,2018,4,97.2
EIUCOCHNZ333,333,2018,5,97.2
EIUCOCHNZ333,333,2018,6,97.4
EIUCOCHNZ333,333,2018,7,97.4
EIUCOCHNZ333,333,2018,8,97.4
EIUCOCHNZ333,333,2018,9,97.4
EIUCOCHNZ333,333,2018,10,97.7
EIUCOCHNZ333,333,2018,11,97.6
EIUCOCHNZ333,333,2018,12,97.6
EIUCOCHNZ333,333,2019,1,99.0
EIUCOCHNZ333,333,2019,2,98.7
EIUCOCHNZ333,333,2019,3,98.7
EIUCOCHNZ333,333,2019,4,99.1
EIUCOCHNZ333,333,2019,5,99.1
EIUCOCHNZ333,333,2019,6,99.1
EIUCOCHNZ333,333,2019,7,99.5
EIUCOCHNZ333,333,2019,8,99.3
EIUCOCHNZ333,333,2019,9,99.3
EIUCOCHNZ333,333,2019,10,99.1
EIUCOCHNZ333,333,2019,11,99.0
EIUCOCHNZ333,333,2019,12,98.9
EIUCOCHNZ333,333,2020,1,102.4
EIUCOCHNZ333,333,2020,2,102.2
EIUCOCHNZ333,333,2020,3,102.2
EIUCOCHNZ333,333,2020,4,102.0
EIUCOCHNZ333,333,2020,5,102.1
EIUCOCHNZ333,333,2020,6,102.2
EIUCOCHNZ333,333,2020,7,102.4
EIUCOCHNZ333,333,2020,8,102.0
EIUCOCHNZ333,333,2020,9,101.8
EIUCOCHNZ333,333,2020,10,101.6
EIUCOCHNZ333,333,2020,11,101.6
EIUCOCHNZ333,333,2020,12,101.5
EIUCOCHNZ333,333,2021,1,102.5
EIUCOCHNZ333,333,2021,2,102.6
EIUCOCHNZ333,333,2021,3,103.2
EIUCOCHNZ333,333,2021,4,104.1
EIUCOCHNZ333,333,2021,5,104.4
EIUCOCHNZ333,333,2021,6,104.5
EIUCOCHNZ333,333,2021,7,106.4
EIUCOCHNZ333,333,2021,8,107.0
EIUCOCHNZ333,333,2021,9,107.1
EIUCOCHNZ333,333,2021,10,106.9
EIUCOCHNZ333,333,2021,11,107.1
EIUCOCHNZ333,333,2021,12,107.5
EIUCOCHNZ333,333,2022,1,108.8
EIUCOCHNZ333,333,2022,2,109.7
EIUCOCHNZ333,333,2022,3,110.6
EIUCOCHNZ333,333,2022,4,111.3
EIUCOCHNZ333,333,2022,5,111.9
EIUCOCHNZ333,333,2022,6,111.8
EIUCOCHNZ333,333,2022,7,112.6
EIUCOCHNZ333,333,2022,8,112.7
EIUCOCHNZ333,333,2022,9,112.4
EIUCOCHNZ333,333,2022,10,112.1
EIUCOCHNZ333,333,2022,11,112.5
EIUCOCHNZ333,333,2022,12,113.0
EIUCOCHNZ333,333,2023,1,113.8
EIUCOCHNZ333,333,2023,2,113.7
EIUCOCHNZ333,333,2023,3,113.6
EIUCOCHNZ333,333,2023,4,113.3
EIUCOCHNZ333,333,2023,5,113.5
EIUCOCHNZ333,333,2023,6,113.4
EIUCOCHNZ333,333,2023,7,113.1
EIUCOCHNZ333,333,2023,8,113.5
EIUCOCHNZ333,333,2023,9,113.5
EIUCOCHNZ333,333,2023,10,113.5
EIUCOCHNZ333,333,2023,11,113.3
EIUCOCHNZ333,333,2023,12,113.4
EIUCOCHNZ333,333,2024,1,111.8
EIUCOCHNZ333,333,2024,2,111.9
EIUCOCHNZ333,333,2024,3,112.0
EIUCOCHNZ333,333,2024,4,111.8
EIUCOCHNZ333,333,2024,5,111.7
EIUCOCHNZ333,333,2024,6,111.7
EIUCOCHNZ333,333,2024,7,111.9
EIUCOCHNZ333,333,2024,8,112.2
EIUCOCHNZ333,333,2024,9,112.1
EIUCOCHNZ333,333,2024,10,112.0
EIUCOCHNZ333,333,2024,11,111.5
EIUCOCHNZ333,333,2024,12,111.5
EIUCOCHNZ334,334,2015,1,95.2
EIUCOCHNZ334,334,2015,2,95.1
EIUCOCHNZ334,334,2015,3,94.9
EIUCOCHNZ334,334,2015,4,94.9
EIUCOCHNZ334,334,2015,5,94.3
EIUCOCHNZ334,334,2015,6,94.1
EIUCOCHNZ334,334,2015,7,94.0
EIUCOCHNZ334,334,2015,8,93.7
EIUCOCHNZ334,334,2015,9,93.6
EIUCOCHNZ334,334,2015,10,93.4
EIUCOCHNZ334,334,2015,11,93.2
EIUCOCHNZ334,334,2015,12,93.1
EIUCOCHNZ334,334,2016,1,93.0
EIUCOCHNZ334,334,2016,2,92.9
EIUCOCHNZ334,334,2016,3,92.6
EIUCOCHNZ334,334,2016,4,92.2
EIUCOCHNZ334,334,2016,5,92.2
EIUCOCHNZ334,334,2016,6,91.8
EIUCOCHNZ334,334,2016,7,92.0
EIUCOCHNZ334,334,2016,8,91.4
EIUCOCHNZ334,334,2016,9,91.5
EIUCOCHNZ334,334,2016,10,91.5
EIUCOCHNZ334,334,2016,11,90.6
EIUCOCHNZ334,334,2016,12,90.5
EIUCOCHNZ334,334,2017,1,89.7
EIUCOCHNZ334,334,2017,2,89.8
EIUCOCHNZ334,334,2017,3,89.8
EIUCOCHNZ334,334,2017,4,89.6
EIUCOCHNZ334,334,2017,5,89.6
EIUCOCHNZ334,334,2017,6,89.5
EIUCOCHNZ334,334,2017,7,89.6
EIUCOCHNZ334,334,2017,8,89.4
EIUCOCHNZ334,334,2017,9,88.3
EIUCOCHNZ334,334,2017,10,88.1
EIUCOCHNZ334,334,2017,11,88.1
EIUCOCHNZ334,334,2017,12,87.9
EIUCOCHNZ334,334,2018,1,87.5
EIUCOCHNZ334,334,2018,2,87.5
EIUCOCHNZ334,334,2018,3,87.5
EIUCOCHNZ334,334,2018,4,87.1
EIUCOCHNZ334,334,2018,5,86.5
EIUCOCHNZ334,334,2018,6,86.4
EIUCOCHNZ334,334,2018,7,86.1
EIUCOCHNZ334,334,2018,8,85.8
EIUCOCHNZ334,334,2018,9,85.8
EIUCOCHNZ334,334,2018,10,85.5
EIUCOCHNZ334,334,2018,11,85.4
EIUCOCHNZ334,334,2018,12,85.4
EIUCOCHNZ334,334,2019,1,84.8
EIUCOCHNZ334,334,2019,2,84.6
EIUCOCHNZ334,334,2019,3,84.4
EIUCOCHNZ334,334,2019,4,83.8
EIUCOCHNZ334,334,2019,5,83.7
EIUCOCHNZ334,334,2019,6,83.5
EIUCOCHNZ334,334,2019,7,83.4
EIUCOCHNZ334,334,2019,8,83.2
EIUCOCHNZ334,334,2019,9,83.0
EIUCOCHNZ334,334,2019,10,82.7
EIUCOCHNZ334,334,2019,11,82.6
EIUCOCHNZ334,334,2019,12,82.8
EIUCOCHNZ334,334,2020,1,82.4
EIUCOCHNZ334,334,2020,2,82.1
EIUCOCHNZ334,334,2020,3,82.0
EIUCOCHNZ334,334,2020,4,82.5
EIUCOCHNZ334,334,2020,5,82.5
EIUCOCHNZ334,334,2020,6,82.5
EIUCOCHNZ334,334,2020,7,82.5
EIUCOCHNZ334,334,2020,8,82.4
EIUCOCHNZ334,334,2020,9,82.4
EIUCOCHNZ334,334,2020,10,82.3
EIUCOCHNZ334,334,2020,11,82.3
EIUCOCHNZ334,334,2020,12,82.6
EIUCOCHNZ334,334,2021,1,82.8
EIUCOCHNZ334,334,2021,2,82.9
EIUCOCHNZ334,334,2021,3,82.9
EIUCOCHNZ334,334,2021,4,83.1
EIUCOCHNZ334,334,2021,5,83.2
EIUCOCHNZ334,334,2021,6,83.1
EIUCOCHNZ334,334,2021,7,83.3
EIUCOCHNZ334,334,2021,8,83.5
EIUCOCHNZ334,334,2021,9,83.5
EIUCOCHNZ334,334,2021,10,83.3
EIUCOCHNZ334,334,2021,11,83.4
EIUCOCHNZ334,334,2021,12,83.6
EIUCOCHNZ334,334,2022,1,83.7
EIUCOCHNZ334,334,2022,2,84.1
EIUCOCHNZ334,334,2022,3,84.1
EIUCOCHNZ334,334,2022,4,84.0
EIUCOCHNZ334,334,2022,5,84.0
EIUCOCHNZ334,334,2022,6,83.9
EIUCOCHNZ334,334,2022,7,83.6
EIUCOCHNZ334,334,2022,8,83.6
EIUCOCHNZ334,334,2022,9,83.6
EIUCOCHNZ334,334,2022,10,84.5
EIUCOCHNZ334,334,2022,11,84.8
EIUCOCHNZ334,334,2022,12,84.7
EIUCOCHNZ334,334,2023,1,83.8
EIUCOCHNZ334,334,2023,2,83.9
EIUCOCHNZ334,334,2023,3,83.1
EIUCOCHNZ334,334,2023,4,82.6
EIUCOCHNZ334,334,2023,5,82.1
EIUCOCHNZ334,334,2023,6,81.6
EIUCOCHNZ334,334,2023,7,81.6
EIUCOCHNZ334,334,2023,8,81.5
EIUCOCHNZ334,334,2023,9,81.4
EIUCOCHNZ334,334,2023,10,81.5
EIUCOCHNZ334,334,2023,11,81.4
EIUCOCHNZ334,334,2023,12,81.3
EIUCOCHNZ334,334,2024,1,81.3
EIUCOCHNZ334,334,2024,2,81.2
EIUCOCHNZ334,334,2024,3,81.1
EIUCOCHNZ334,334,2024,4,81.1
EIUCOCHNZ334,334,2024,5,81.0
EIUCOCHNZ334,334,2024,6,81.0
EIUCOCHNZ334,334,2024,7,80.9
EIUCOCHNZ334,334,2024,8,81.0
EIUCOCHNZ334,334,2024,9,81.0
EIUCOCHNZ334,334,2024,10,80.9
EIUCOCHNZ334,334,2024,11,80.9
EIUCOCHNZ334,334,2024,12,80.8
EIUCOCHNZ3341,3341,2018,12,100.0
EIUCOCHNZ3341,3341,2019,1,100.0
EIUCOCHNZ3341,3341,2019,2,99.4
EIUCOCHNZ3341,3341,2019,3,99.1
EIUCOCHNZ3341,3341,2019,4,98.5
EIUCOCHNZ3341,3341,2019,5,98.5
EIUCOCHNZ3341,3341,2019,6,98.4
EIUCOCHNZ3341,3341,2019,7,98.4
EIUCOCHNZ3341,3341,2019,8,98.4
EIUCOCHNZ3341,3341,2019,9,97.8
EIUCOCHNZ3341,3341,2019,10,97.1
EIUCOCHNZ3341,3341,2019,11,97.0
EIUCOCHNZ3341,3341,2019,12,97.0
EIUCOCHNZ3341,3341,2020,1,96.9
EIUCOCHNZ3341,3341,2020,2,96.7
EIUCOCHNZ3341,3341,2020,3,96.7
EIUCOCHNZ3341,3341,2020,4,96.7
EIUCOCHNZ3341,3341,2020,5,96.7
EIUCOCHNZ3341,3341,2020,6,96.8
EIUCOCHNZ3341,3341,2020,7,96.7
EIUCOCHNZ3341,3341,2020,8,96.6
EIUCOCHNZ3341,3341,2020,9,96.6
EIUCOCHNZ3341,3341,2020,10,96.5
EIUCOCHNZ3341,3341,2020,11,96.7
EIUCOCHNZ3341,3341,2020,12,96.7
EIUCOCHNZ3341,3341,2021,1,96.8
EIUCOCHNZ3341,3341,2021,2,97.0
EIUCOCHNZ3341,3341,2021,3,97.1
EIUCOCHNZ3341,3341,2021,4,97.3
EIUCOCHNZ3341,3341,2021,5,97.2
EIUCOCHNZ3341,3341,2021,6,97.0
EIUCOCHNZ3341,3341,2021,7,97.4
EIUCOCHNZ3341,3341,2021,8,97.7
EIUCOCHNZ3341,3341,2021,9,97.5
EIUCOCHNZ3341,3341,2021,10,97.2
EIUCOCHNZ3341,3341,2021,11,97.5
EIUCOCHNZ3341,3341,2021,12,97.8
EIUCOCHNZ3341,3341,2022,1,97.9
EIUCOCHNZ3341,3341,2022,2,98.9
EIUCOCHNZ3341,3341,2022,3,98.6
EIUCOCHNZ3341,3341,2022,4,98.4
EIUCOCHNZ3341,3341,2022,5,98.3
EIUCOCHNZ3341,3341,2022,6,98.1
EIUCOCHNZ3341,3341,2022,7,97.7
EIUCOCHNZ3341,3341,2022,8,97.6
EIUCOCHNZ3341,3341,2022,9,97.5
EIUCOCHNZ3341,3341,2022,10,99.8
EIUCOCHNZ3341,3341,2022,11,100.5
EIUCOCHNZ3341,3341,2022,12,100.2
EIUCOCHNZ3341,3341,2023,1,100.0
EIUCOCHNZ3341,3341,2023,2,100.2
EIUCOCHNZ3341,3341,2023,3,100.1
EIUCOCHNZ3341,3341,2023,4,99.0
EIUCOCHNZ3341,3341,2023,5,98.5
EIUCOCHNZ3341,3341,2023,6,97.9
EIUCOCHNZ3341,3341,2023,7,97.8
EIUCOCHNZ3341,3341,2023,8,97.7
EIUCOCHNZ3341,3341,2023,9,97.5
EIUCOCHNZ3341,3341,2023,10,97.2
EIUCOCHNZ3341,3341,2023,11,97.1
EIUCOCHNZ3341,3341,2023,12,96.9
EIUCOCHNZ3341,3341,2024,1,96.9
EIUCOCHNZ3341,3341,2024,2,96.9
EIUCOCHNZ3341,3341,2024,3,96.8
EIUCOCHNZ3341,3341,2024,4,96.8
EIUCOCHNZ3341,3341,2024,5,96.7
EIUCOCHNZ3341,3341,2024,6,96.7
EIUCOCHNZ3341,3341,2024,7,96.7
EIUCOCHNZ3341,3341,2024,8,96.7
EIUCOCHNZ3341,3341,2024,9,96.8
EIUCOCHNZ3341,3341,2024,10,96.8
EIUCOCHNZ3341,3341,2024,11,96.7
EIUCOCHNZ3341,3341,2024,12,96.5
EIUCOCHNZ3342,3342,2015,1,90.7
EIUCOCHNZ3342,3342,2015,2,90.6
EIUCOCHNZ3342,3342,2015,3,90.5
EIUCOCHNZ3342,3342,2015,4,90.4
EIUCOCHNZ3342,3342,2015,5,90.4
EIUCOCHNZ3342,3342,2015,6,90.4
EIUCOCHNZ3342,3342,2015,7,90.3
EIUCOCHNZ3342,3342,2015,8,90.2
EIUCOCHNZ3342,3342,2015,9,90.2
EIUCOCHNZ3342,3342,2015,10,90.2
EIUCOCHNZ3342,3342,2015,11,90.0
EIUCOCHNZ3342,3342,2015,12,89.9
EIUCOCHNZ3342,3342,2016,1,89.8
EIUCOCHNZ3342,3342,2016,2,90.2
EIUCOCHNZ3342,3342,2016,3,89.7
EIUCOCHNZ3342,3342,2016,4,89.3
EIUCOCHNZ3342,3342,2016,5,89.3
EIUCOCHNZ3342,3342,2016,6,89.3
EIUCOCHNZ3342,3342,2016,7,89.2
EIUCOCHNZ3342,3342,2016,8,88.3
EIUCOCHNZ3342,3342,2016,9,87.9
EIUCOCHNZ3342,3342,2016,10,89.0
EIUCOCHNZ3342,3342,2016,11,87.2
EIUCOCHNZ3342,3342,2016,12,87.2
EIUCOCHNZ3342,3342,2017,1,85.9
EIUCOCHNZ3342,3342,2017,2,85.8
EIUCOCHNZ3342,3342,2017,3,85.7
EIUCOCHNZ3342,3342,2017,4,85.3
EIUCOCHNZ3342,3342,2017,5,85.2
EIUCOCHNZ3342,3342,2017,6,85.1
EIUCOCHNZ3342,3342,2017,7,85.1
EIUCOCHNZ3342,3342,2017,8,85.1
EIUCOCHNZ3342,3342,2017,9,82.7
EIUCOCHNZ3342,3342,2017,10,82.2
EIUCOCHNZ3342,3342,2017,11,82.1
EIUCOCHNZ3342,3342,2017,12,81.7
EIUCOCHNZ3342,3342,2018,1,81.0
EIUCOCHNZ3342,3342,2018,2,81.1
EIUCOCHNZ3342,3342,2018,3,81.1
EIUCOCHNZ3342,3342,2018,4,81.1
EIUCOCHNZ3342,3342,2018,5,80.3
EIUCOCHNZ3342,3342,2018,6,80.2
EIUCOCHNZ3342,3342,2018,7,80.0
EIUCOCHNZ3342,3342,2018,8,79.7
EIUCOCHNZ3342,3342,2018,9,79.8
EIUCOCHNZ3342,3342,2018,10,79.5
EIUCOCHNZ3342,3342,2018,11,79.3
EIUCOCHNZ3342,3342,2018,12,79.3
EIUCOCHNZ3342,3342,2019,1,78.1
EIUCOCHNZ3342,3342,2019,2,78.0
EIUCOCHNZ3342,3342,2019,3,78.0
EIUCOCHNZ3342,3342,2019,4,77.4
EIUCOCHNZ3342,3342,2019,5,77.4
EIUCOCHNZ3342,3342,2019,6,77.3
EIUCOCHNZ3342,3342,2019,7,77.2
EIUCOCHNZ3342,3342,2019,8,77.3
EIUCOCHNZ3342,3342,2019,9,77.3
EIUCOCHNZ3342,3342,2019,10,77.2
EIUCOCHNZ3342,3342,2019,11,77.1
EIUCOCHNZ3342,3342,2019,12,77.0
EIUCOCHNZ3342,3342,2020,1,77.1
EIUCOCHNZ3342,3342,2020,2,77.1
EIUCOCHNZ3342,3342,2020,3,77.1
EIUCOCHNZ3342,3342,2020,4,77.1
EIUCOCHNZ3342,3342,2020,5,77.1
EIUCOCHNZ3342,3342,2020,6,77.2
EIUCOCHNZ3342,3342,2020,7,77.2
EIUCOCHNZ3342,3342,2020,8,77.2
EIUCOCHNZ3342,3342,2020,9,77.1
EIUCOCHNZ3342,3342,2020,10,76.9
EIUCOCHNZ3342,3342,2020,11,76.9
EIUCOCHNZ3342,3342,2020,12,76.9
EIUCOCHNZ3342,3342,2021,1,76.9
EIUCOCHNZ3342,3342,2021,2,76.9
EIUCOCHNZ3342,3342,2021,3,76.9
EIUCOCHNZ3342,3342,2021,4,76.9
EIUCOCHNZ3342,3342,2021,5,77.0
EIUCOCHNZ3342,3342,2021,6,77.0
EIUCOCHNZ3342,3342,2021,7,77.2
EIUCOCHNZ3342,3342,2021,8,77.3
EIUCOCHNZ3342,3342,2021,9,77.4
EIUCOCHNZ3342,3342,2021,10,77.5
EIUCOCHNZ3342,3342,2021,11,77.5
EIUCOCHNZ3342,3342,2021,12,77.6
EIUCOCHNZ3342,3342,2022,1,77.8
EIUCOCHNZ3342,3342,2022,2,77.6
EIUCOCHNZ3342,3342,2022,3,77.6
EIUCOCHNZ3342,3342,2022,4,77.4
EIUCOCHNZ3342,3342,2022,5,77.2
EIUCOCHNZ3342,3342,2022,6,77.0
EIUCOCHNZ3342,3342,2022,7,76.8
EIUCOCHNZ3342,3342,2022,8,76.8
EIUCOCHNZ3342,3342,2022,9,76.8
EIUCOCHNZ3342,3342,2022,10,76.8
EIUCOCHNZ3342,3342,2022,11,76.8
EIUCOCHNZ3342,3342,2022,12,76.8
EIUCOCHNZ3342,3342,2023,1,75.0
EIUCOCHNZ3342,3342,2023,2,75.0
EIUCOCHNZ3342,3342,2023,3,73.0
EIUCOCHNZ3342,3342,2023,4,73.0
EIUCOCHNZ3342,3342,2023,5,72.3
EIUCOCHNZ3342,3342,2023,6,71.6
EIUCOCHNZ3342,3342,2023,7,71.4
EIUCOCHNZ3342,3342,2023,8,71.3
EIUCOCHNZ3342,3342,2023,9,71.2
EIUCOCHNZ3342,3342,2023,10,71.2
EIUCOCHNZ3342,3342,2023,11,71.2
EIUCOCHNZ3342,3342,2023,12,71.2
EIUCOCHNZ3342,3342,2024,1,71.1
EIUCOCHNZ3342,3342,2024,2,71.0
EIUCOCHNZ3342,3342,2024,3,71.0
EIUCOCHNZ3342,3342,2024,4,71.0
EIUCOCHNZ3342,3342,2024,5,71.0
EIUCOCHNZ3342,3342,2024,6,71.0
EIUCOCHNZ3342,3342,2024,7,70.9
EIUCOCHNZ3342,3342,2024,8,70.9
EIUCOCHNZ3342,3342,2024,9,70.8
EIUCOCHNZ3342,3342,2024,10,70.8
EIUCOCHNZ3342,3342,2024,11,70.7
EIUCOCHNZ3342,3342,2024,12,70.7
EIUCOCHNZ3343,3343,2015,1,92.9
EIUCOCHNZ3343,3343,2015,2,93.2
EIUCOCHNZ3343,3343,2015,3,93.1
EIUCOCHNZ3343,3343,2015,4,93.6
EIUCOCHNZ3343,3343,2015,5,93.5
EIUCOCHNZ3343,3343,2015,6,92.6
EIUCOCHNZ3343,3343,2015,7,92.9
EIUCOCHNZ3343,3343,2015,8,92.6
EIUCOCHNZ3343,3343,2015,9,92.5
EIUCOCHNZ3343,3343,2015,10,92.3
EIUCOCHNZ3343,3343,2015,11,92.1
EIUCOCHNZ3343,3343,2015,12,91.7
EIUCOCHNZ3343,3343,2016,1,91.6
EIUCOCHNZ3343,3343,2016,2,90.9
EIUCOCHNZ3343,3343,2016,3,91.1
EIUCOCHNZ3343,3343,2016,4,90.7
EIUCOCHNZ3343,3343,2016,5,90.5
EIUCOCHNZ3343,3343,2016,6,90.8
EIUCOCHNZ3343,3343,2016,7,90.7
EIUCOCHNZ3343,3343,2016,8,90.5
EIUCOCHNZ3343,3343,2016,9,90.4
EIUCOCHNZ3343,3343,2016,10,90.3
EIUCOCHNZ3343,3343,2016,11,90.2
EIUCOCHNZ3343,3343,2016,12,90.3
EIUCOCHNZ3343,3343,2017,1,90.4
EIUCOCHNZ3343,3343,2017,2,90.4
EIUCOCHNZ3343,3343,2017,3,90.4
EIUCOCHNZ3343,3343,2017,4,90.4
EIUCOCHNZ3343,3343,2017,5,90.4
EIUCOCHNZ3343,3343,2017,6,90.3
EIUCOCHNZ3343,3343,2017,7,90.3
EIUCOCHNZ3343,3343,2017,8,90.3
EIUCOCHNZ3343,3343,2017,9,90.3
EIUCOCHNZ3343,3343,2017,10,90.3
EIUCOCHNZ3343,3343,2017,11,90.1
EIUCOCHNZ3343,3343,2017,12,89.8
EIUCOCHNZ3343,3343,2018,1,89.7
EIUCOCHNZ3343,3343,2018,2,89.6
EIUCOCHNZ3343,3343,2018,3,89.3
EIUCOCHNZ3343,3343,2018,4,89.2
EIUCOCHNZ3343,3343,2018,5,88.9
EIUCOCHNZ3343,3343,2018,6,88.5
EIUCOCHNZ3343,3343,2018,7,87.9
EIUCOCHNZ3343,3343,2018,8,87.6
EIUCOCHNZ3343,3343,2018,9,87.0
EIUCOCHNZ3343,3343,2018,10,87.0
EIUCOCHNZ3343,3343,2018,11,86.9
EIUCOCHNZ3343,3343,2018,12,86.5
EIUCOCHNZ3343,3343,2019,1,86.1
EIUCOCHNZ3343,3343,2019,2,85.7
EIUCOCHNZ3343,3343,2019,3,85.5
EIUCOCHNZ3343,3343,2019,4,85.3
EIUCOCHNZ3343,3343,2019,5,85.3
EIUCOCHNZ3343,3343,2019,6,85.4
EIUCOCHNZ3343,3343,2019,7,85.0
EIUCOCHNZ3343,3343,2019,8,84.9
EIUCOCHNZ3343,3343,2019,9,84.8
EIUCOCHNZ3343,3343,2019,10,84.6
EIUCOCHNZ3343,3343,2019,11,84.3
EIUCOCHNZ3343,3343,2019,12,84.2
EIUCOCHNZ3343,3343,2020,1,84.1
EIUCOCHNZ3343,3343,2020,2,80.6
EIUCOCHNZ3343,3343,2020,3,80.7
EIUCOCHNZ3343,3343,2020,4,82.2
EIUCOCHNZ3343,3343,2020,5,82.4
EIUCOCHNZ3343,3343,2020,6,82.3
EIUCOCHNZ3343,3343,2020,7,82.8
EIUCOCHNZ3343,3343,2020,8,82.7
EIUCOCHNZ3343,3343,2020,9,82.6
EIUCOCHNZ3343,3343,2020,10,83.3
EIUCOCHNZ3343,3343,2020,11,84.1
EIUCOCHNZ3343,3343,2020,12,84.5
EIUCOCHNZ3343,3343,2021,1,84.7
EIUCOCHNZ3343,3343,2021,2,84.7
EIUCOCHNZ3343,3343,2021,3,84.4
EIUCOCHNZ3343,3343,2021,4,85.1
EIUCOCHNZ3343,3343,2021,5,86.1
EIUCOCHNZ3343,3343,2021,6,86.1
EIUCOCHNZ3343,3343,2021,7,86.2
EIUCOCHNZ3343,3343,2021,8,86.4
EIUCOCHNZ3343,3343,2021,9,86.4
EIUCOCHNZ3343,3343,2021,10,86.4
EIUCOCHNZ3343,3343,2021,11,86.8
EIUCOCHNZ3343,3343,2021,12,87.4
EIUCOCHNZ3343,3343,2022,1,87.5
EIUCOCHNZ3343,3343,2022,2,87.5
EIUCOCHNZ3343,3343,2022,3,87.5
EIUCOCHNZ3343,3343,2022,4,88.2
EIUCOCHNZ3343,3343,2022,5,88.2
EIUCOCHNZ3343,3343,2022,6,89.7
EIUCOCHNZ3343,3343,2022,7,89.8
EIUCOCHNZ3343,3343,2022,8,90.1
EIUCOCHNZ3343,3343,2022,9,90.1
EIUCOCHNZ3343,3343,2022,10,90.7
EIUCOCHNZ3343,3343,2022,11,90.1
EIUCOCHNZ3343,3343,2022,12,89.8
EIUCOCHNZ3343,3343,2023,1,89.1
EIUCOCHNZ3343,3343,2023,2,89.0
EIUCOCHNZ3343,3343,2023,3,88.9
EIUCOCHNZ3343,3343,2023,4,88.9
EIUCOCHNZ3343,3343,2023,5,89.0
EIUCOCHNZ3343,3343,2023,6,89.2
EIUCOCHNZ3343,3343,2023,7,89.3
EIUCOCHNZ3343,3343,2023,8,89.4
EIUCOCHNZ3343,3343,2023,9,89.4
EIUCOCHNZ3343,3343,2023,10,90.0
EIUCOCHNZ3343,3343,2023,11,89.9
EIUCOCHNZ3343,3343,2023,12,89.9
EIUCOCHNZ3343,3343,2024,1,89.9
EIUCOCHNZ3343,3343,2024,2,89.9
EIUCOCHNZ3343,3343,2024,3,89.9
EIUCOCHNZ3343,3343,2024,4,89.9
EIUCOCHNZ3343,3343,2024,5,90.0
EIUCOCHNZ3343,3343,2024,6,90.1
EIUCOCHNZ3343,3343,2024,7,90.1
EIUCOCHNZ3343,3343,2024,8,90.1
EIUCOCHNZ3343,3343,2024,9,90.2
EIUCOCHNZ3343,3343,2024,10,90.2
EIUCOCHNZ3343,3343,2024,11,90.2
EIUCOCHNZ3343,3343,2024,12,90.2
EIUCOCHNZ3345,3345,2015,1,99.7
EIUCOCHNZ3345,3345,2015,2,99.8
EIUCOCHNZ3345,3345,2015,3,99.7
EIUCOCHNZ3345,3345,2015,4,99.0
EIUCOCHNZ3345,3345,2015,5,99.0
EIUCOCHNZ3345,3345,2015,6,99.1
EIUCOCHNZ3345,3345,2015,7,99.1
EIUCOCHNZ3345,3345,2015,8,99.1
EIUCOCHNZ3345,3345,2015,9,99.1
EIUCOCHNZ3345,3345,2015,10,99.1
EIUCOCHNZ3345,3345,2015,11,99.1
EIUCOCHNZ3345,3345,2015,12,99.1
EIUCOCHNZ3345,3345,2016,1,98.9
EIUCOCHNZ3345,3345,2016,2,98.6
EIUCOCHNZ3345,3345,2016,3,98.6
EIUCOCHNZ3345,3345,2016,4,98.6
EIUCOCHNZ3345,3345,2016,5,98.6
EIUCOCHNZ3345,3345,2016,6,98.5
EIUCOCHNZ3345,3345,2016,7,98.4
EIUCOCHNZ3345,3345,2016,8,98.4
EIUCOCHNZ3345,3345,2016,9,98.4
EIUCOCHNZ3345,3345,2016,10,98.2
EIUCOCHNZ3345,3345,2016,11,98.1
EIUCOCHNZ3345,3345,2016,12,98.1
EIUCOCHNZ3345,3345,2017,1,97.9
EIUCOCHNZ3345,3345,2017,2,97.7
EIUCOCHNZ3345,3345,2017,3,97.7
EIUCOCHNZ3345,3345,2017,4,97.8
EIUCOCHNZ3345,3345,2017,5,97.7
EIUCOCHNZ3345,3345,2017,6,97.6
EIUCOCHNZ3345,3345,2017,7,97.6
EIUCOCHNZ3345,3345,2017,8,97.6
EIUCOCHNZ3345,3345,2017,9,97.6
EIUCOCHNZ3345,3345,2017,10,97.7
EIUCOCHNZ3345,3345,2017,11,97.7
EIUCOCHNZ3345,3345,2017,12,97.7
EIUCOCHNZ3345,3345,2018,1,97.2
EIUCOCHNZ3345,3345,2018,2,96.3
EIUCOCHNZ3345,3345,2018,3,96.2
EIUCOCHNZ3345,3345,2018,4,93.5
EIUCOCHNZ3345,3345,2018,5,93.5
EIUCOCHNZ3345,3345,2018,6,93.5
EIUCOCHNZ3345,3345,2018,7,93.6
EIUCOCHNZ3345,3345,2018,8,93.7
EIUCOCHNZ3345,3345,2018,9,93.7
EIUCOCHNZ3345,3345,2018,10,93.5
EIUCOCHNZ3345,3345,2018,11,93.5
EIUCOCHNZ3345,3345,2018,12,93.6
EIUCOCHNZ3345,3345,2019,1,93.4
EIUCOCHNZ3345,3345,2019,2,93.6
EIUCOCHNZ3345,3345,2019,3,93.6
EIUCOCHNZ3345,3345,2019,4,92.4
EIUCOCHNZ3345,3345,2019,5,92.1
EIUCOCHNZ3345,3345,2019,6,91.5
EIUCOCHNZ3345,3345,2019,7,91.5
EIUCOCHNZ3345,3345,2019,8,91.5
EIUCOCHNZ3345,3345,2019,9,91.9
EIUCOCHNZ3345,3345,2019,10,91.8
EIUCOCHNZ3345,3345,2019,11,91.7
EIUCOCHNZ3345,3345,2019,12,91.7
EIUCOCHNZ3345,3345,2020,1,92.1
EIUCOCHNZ3345,3345,2020,2,92.2
EIUCOCHNZ3345,3345,2020,3,92.3
EIUCOCHNZ3345,3345,2020,4,92.4
EIUCOCHNZ3345,3345,2020,5,92.4
EIUCOCHNZ3345,3345,2020,6,92.4
EIUCOCHNZ3345,3345,2020,7,92.3
EIUCOCHNZ3345,3345,2020,8,92.3
EIUCOCHNZ3345,3345,2020,9,92.3
EIUCOCHNZ3345,3345,2020,10,92.0
EIUCOCHNZ3345,3345,2020,11,92.0
EIUCOCHNZ3345,3345,2020,12,92.0
EIUCOCHNZ3345,3345,2021,1,91.7
EIUCOCHNZ3345,3345,2021,2,91.4
EIUCOCHNZ3345,3345,2021,3,91.6
EIUCOCHNZ3345,3345,2021,4,91.7
EIUCOCHNZ3345,3345,2021,5,91.7
EIUCOCHNZ3345,3345,2021,6,91.1
EIUCOCHNZ3345,3345,2021,7,90.1
EIUCOCHNZ3345,3345,2021,8,89.4
EIUCOCHNZ3345,3345,2021,9,88.7
EIUCOCHNZ3345,3345,2021,10,86.7
EIUCOCHNZ3345,3345,2021,11,86.7
EIUCOCHNZ3345,3345,2021,12,86.7
EIUCOCHNZ3345,3345,2022,1,86.7
EIUCOCHNZ3345,3345,2022,2,87.9
EIUCOCHNZ3345,3345,2022,3,92.5
EIUCOCHNZ3345,3345,2022,4,92.7
EIUCOCHNZ3345,3345,2022,5,92.8
EIUCOCHNZ3345,3345,2022,6,92.5
EIUCOCHNZ3345,3345,2022,7,91.9
EIUCOCHNZ3345,3345,2022,8,91.6
EIUCOCHNZ3345,3345,2022,9,92.3
EIUCOCHNZ3345,3345,2022,10,92.1
EIUCOCHNZ3345,3345,2022,11,92.4
EIUCOCHNZ3345,3345,2022,12,92.6
EIUCOCHNZ3345,3345,2023,1,91.7
EIUCOCHNZ3345,3345,2023,2,91.8
EIUCOCHNZ3345,3345,2023,3,92.1
EIUCOCHNZ3345,3345,2023,4,91.5
EIUCOCHNZ3345,3345,2023,5,90.7
EIUCOCHNZ3345,3345,2023,6,90.7
EIUCOCHNZ3345,3345,2023,7,90.9
EIUCOCHNZ3345,3345,2023,8,90.7
EIUCOCHNZ3345,3345,2023,9,91.0
EIUCOCHNZ3345,3345,2023,10,91.2
EIUCOCHNZ3345,3345,2023,11,91.0
EIUCOCHNZ3345,3345,2023,12,91.1
EIUCOCHNZ3345,3345,2024,1,90.8
EIUCOCHNZ3345,3345,2024,2,90.5
EIUCOCHNZ3345,3345,2024,3,91.1
EIUCOCHNZ3345,3345,2024,4,91.2
EIUCOCHNZ3345,3345,2024,5,91.2
EIUCOCHNZ3345,3345,2024,6,91.5
EIUCOCHNZ3345,3345,2024,7,89.9
EIUCOCHNZ3345,3345,2024,8,91.3
EIUCOCHNZ3345,3345,2024,9,91.3
EIUCOCHNZ3345,3345,2024,10,91.3
EIUCOCHNZ3345,3345,2024,11,92.9
EIUCOCHNZ3345,3345,2024,12,93.9
EIUCOCHNZ335,335,2015,1,100.4
EIUCOCHNZ335,335,2015,2,100.6
EIUCOCHNZ335,335,2015,3,100.5
EIUCOCHNZ335,335,2015,4,99.9
EIUCOCHNZ335,335,2015,5,99.8
EIUCOCHNZ335,335,2015,6,99.9
EIUCOCHNZ335,335,2015,7,99.5
EIUCOCHNZ335,335,2015,8,99.4
EIUCOCHNZ335,335,2015,9,99.2
EIUCOCHNZ335,335,2015,10,99.1
EIUCOCHNZ335,335,2015,11,98.7
EIUCOCHNZ335,335,2015,12,98.6
EIUCOCHNZ335,335,2016,1,98.4
EIUCOCHNZ335,335,2016,2,97.8
EIUCOCHNZ335,335,2016,3,98.1
EIUCOCHNZ335,335,2016,4,97.9
EIUCOCHNZ335,335,2016,5,97.7
EIUCOCHNZ335,335,2016,6,97.7
EIUCOCHNZ335,335,2016,7,97.4
EIUCOCHNZ335,335,2016,8,97.5
EIUCOCHNZ335,335,2016,9,97.4
EIUCOCHNZ335,335,2016,10,97.6
EIUCOCHNZ335,335,2016,11,97.4
EIUCOCHNZ335,335,2016,12,97.3
EIUCOCHNZ335,335,2017,1,97.1
EIUCOCHNZ335,335,2017,2,96.8
EIUCOCHNZ335,335,2017,3,96.9
EIUCOCHNZ335,335,2017,4,97.0
EIUCOCHNZ335,335,2017,5,97.1
EIUCOCHNZ335,335,2017,6,97.1
EIUCOCHNZ335,335,2017,7,97.2
EIUCOCHNZ335,335,2017,8,97.2
EIUCOCHNZ335,335,2017,9,97.2
EIUCOCHNZ335,335,2017,10,97.2
EIUCOCHNZ335,335,2017,11,97.8
EIUCOCHNZ335,335,2017,12,97.7
EIUCOCHNZ335,335,2018,1,97.7
EIUCOCHNZ335,335,2018,2,98.3
EIUCOCHNZ335,335,2018,3,98.4
EIUCOCHNZ335,335,2018,4,98.7
EIUCOCHNZ335,335,2018,5,98.8
EIUCOCHNZ335,335,2018,6,98.9
EIUCOCHNZ335,335,2018,7,98.9
EIUCOCHNZ335,335,2018,8,98.8
EIUCOCHNZ335,335,2018,9,98.8
EIUCOCHNZ335,335,2018,10,98.8
EIUCOCHNZ335,335,2018,11,99.0
EIUCOCHNZ335,335,2018,12,99.0
EIUCOCHNZ335,335,2019,1,99.1
EIUCOCHNZ335,335,2019,2,99.3
EIUCOCHNZ335,335,2019,3,99.7
EIUCOCHNZ335,335,2019,4,99.8
EIUCOCHNZ335,335,2019,5,99.7
EIUCOCHNZ335,335,2019,6,99.7
EIUCOCHNZ335,335,2019,7,99.6
EIUCOCHNZ335,335,2019,8,99.5
EIUCOCHNZ335,335,2019,9,99.5
EIUCOCHNZ335,335,2019,10,99.5
EIUCOCHNZ335,335,2019,11,99.5
EIUCOCHNZ335,335,2019,12,99.6
EIUCOCHNZ335,335,2020,1,99.7
EIUCOCHNZ335,335,2020,2,99.6
EIUCOCHNZ335,335,2020,3,100.5
EIUCOCHNZ335,335,2020,4,100.4
EIUCOCHNZ335,335,2020,5,100.3
EIUCOCHNZ335,335,2020,6,100.3
EIUCOCHNZ335,335,2020,7,100.2
EIUCOCHNZ335,335,2020,8,100.2
EIUCOCHNZ335,335,2020,9,100.3
EIUCOCHNZ335,335,2020,10,100.3
EIUCOCHNZ335,335,2020,11,100.5
EIUCOCHNZ335,335,2020,12,100.7
EIUCOCHNZ335,335,2021,1,100.7
EIUCOCHNZ335,335,2021,2,101.1
EIUCOCHNZ335,335,2021,3,101.4
EIUCOCHNZ335,335,2021,4,101.7
EIUCOCHNZ335,335,2021,5,102.3
EIUCOCHNZ335,335,2021,6,103.0
EIUCOCHNZ335,335,2021,7,104.0
EIUCOCHNZ335,335,2021,8,104.3
EIUCOCHNZ335,335,2021,9,103.7
EIUCOCHNZ335,335,2021,10,104.2
EIUCOCHNZ335,335,2021,11,104.9
EIUCOCHNZ335,335,2021,12,105.0
EIUCOCHNZ335,335,2022,1,105.5
EIUCOCHNZ335,335,2022,2,105.7
EIUCOCHNZ335,335,2022,3,106.2
EIUCOCHNZ335,335,2022,4,106.4
EIUCOCHNZ335,335,2022,5,106.4
EIUCOCHNZ335,335,2022,6,106.8
EIUCOCHNZ335,335,2022,7,106.6
EIUCOCHNZ335,335,2022,8,106.4
EIUCOCHNZ335,335,2022,9,106.4
EIUCOCHNZ335,335,2022,10,106.3
EIUCOCHNZ335,335,2022,11,106.3
EIUCOCHNZ335,335,2022,12,106.4
EIUCOCHNZ335,335,2023,1,105.8
EIUCOCHNZ335,335,2023,2,106.1
EIUCOCHNZ335,335,2023,3,106.1
EIUCOCHNZ335,335,2023,4,104.6
EIUCOCHNZ335,335,2023,5,103.2
EIUCOCHNZ335,335,2023,6,103.1
EIUCOCHNZ335,335,2023,7,103.0
EIUCOCHNZ335,335,2023,8,102.9
EIUCOCHNZ335,335,2023,9,102.9
EIUCOCHNZ335,335,2023,10,102.8
EIUCOCHNZ335,335,2023,11,102.5
EIUCOCHNZ335,335,2023,12,102.8
EIUCOCHNZ335,335,2024,1,102.6
EIUCOCHNZ335,335,2024,2,102.6
EIUCOCHNZ335,335,2024,3,102.9
EIUCOCHNZ335,335,2024,4,102.8
EIUCOCHNZ335,335,2024,5,102.7
EIUCOCHNZ335,335,2024,6,102.3
EIUCOCHNZ335,335,2024,7,101.9
EIUCOCHNZ335,335,2024,8,101.3
EIUCOCHNZ335,335,2024,9,101.3
EIUCOCHNZ335,335,2024,10,101.0
EIUCOCHNZ335,335,2024,11,100.5
EIUCOCHNZ335,335,2024,12,100.1
EIUCOCHNZ3351,3351,2015,1,98.6
EIUCOCHNZ3351,3351,2015,2,98.8
EIUCOCHNZ3351,3351,2015,3,98.8
EIUCOCHNZ3351,3351,2015,4,98.2
EIUCOCHNZ3351,3351,2015,5,98.2
EIUCOCHNZ3351,3351,2015,6,98.2
EIUCOCHNZ3351,3351,2015,7,97.9
EIUCOCHNZ3351,3351,2015,8,98.1
EIUCOCHNZ3351,3351,2015,9,98.1
EIUCOCHNZ3351,3351,2015,10,97.4
EIUCOCHNZ3351,3351,2015,11,97.3
EIUCOCHNZ3351,3351,2015,12,97.4
EIUCOCHNZ3351,3351,2016,1,97.4
EIUCOCHNZ3351,3351,2016,2,97.4
EIUCOCHNZ3351,3351,2016,3,97.3
EIUCOCHNZ3351,3351,2016,4,97.3
EIUCOCHNZ3351,3351,2016,5,97.0
EIUCOCHNZ3351,3351,2016,6,97.0
EIUCOCHNZ3351,3351,2016,7,96.6
EIUCOCHNZ3351,3351,2016,8,96.6
EIUCOCHNZ3351,3351,2016,9,96.6
EIUCOCHNZ3351,3351,2016,10,95.8
EIUCOCHNZ3351,3351,2016,11,95.9
EIUCOCHNZ3351,3351,2016,12,95.8
EIUCOCHNZ3351,3351,2017,1,95.7
EIUCOCHNZ3351,3351,2017,2,95.5
EIUCOCHNZ3351,3351,2017,3,95.3
EIUCOCHNZ3351,3351,2017,4,95.7
EIUCOCHNZ3351,3351,2017,5,95.8
EIUCOCHNZ3351,3351,2017,6,95.8
EIUCOCHNZ3351,3351,2017,7,95.9
EIUCOCHNZ3351,3351,2017,8,95.9
EIUCOCHNZ3351,3351,2017,9,95.9
EIUCOCHNZ3351,3351,2017,10,95.9
EIUCOCHNZ3351,3351,2017,11,96.9
EIUCOCHNZ3351,3351,2017,12,96.9
EIUCOCHNZ3351,3351,2018,1,97.0
EIUCOCHNZ3351,3351,2018,2,97.8
EIUCOCHNZ3351,3351,2018,3,97.8
EIUCOCHNZ3351,3351,2018,4,98.1
EIUCOCHNZ3351,3351,2018,5,98.3
EIUCOCHNZ3351,3351,2018,6,98.0
EIUCOCHNZ3351,3351,2018,7,98.0
EIUCOCHNZ3351,3351,2018,8,97.9
EIUCOCHNZ3351,3351,2018,9,97.9
EIUCOCHNZ3351,3351,2018,10,97.9
EIUCOCHNZ3351,3351,2018,11,98.1
EIUCOCHNZ3351,3351,2018,12,98.1
EIUCOCHNZ3351,3351,2019,1,98.2
EIUCOCHNZ3351,3351,2019,2,98.2
EIUCOCHNZ3351,3351,2019,3,98.6
EIUCOCHNZ3351,3351,2019,4,98.7
EIUCOCHNZ3351,3351,2019,5,98.6
EIUCOCHNZ3351,3351,2019,6,98.6
EIUCOCHNZ3351,3351,2019,7,98.2
EIUCOCHNZ3351,3351,2019,8,98.0
EIUCOCHNZ3351,3351,2019,9,97.7
EIUCOCHNZ3351,3351,2019,10,98.2
EIUCOCHNZ3351,3351,2019,11,98.2
EIUCOCHNZ3351,3351,2019,12,98.3
EIUCOCHNZ3351,3351,2020,1,97.6
EIUCOCHNZ3351,3351,2020,2,97.6
EIUCOCHNZ3351,3351,2020,3,98.0
EIUCOCHNZ3351,3351,2020,4,97.9
EIUCOCHNZ3351,3351,2020,5,97.4
EIUCOCHNZ3351,3351,2020,6,97.4
EIUCOCHNZ3351,3351,2020,7,97.5
EIUCOCHNZ3351,3351,2020,8,97.4
EIUCOCHNZ3351,3351,2020,9,97.4
EIUCOCHNZ3351,3351,2020,10,97.5
EIUCOCHNZ3351,3351,2020,11,97.6
EIUCOCHNZ3351,3351,2020,12,97.9
EIUCOCHNZ3351,3351,2021,1,97.8
EIUCOCHNZ3351,3351,2021,2,98.1
EIUCOCHNZ3351,3351,2021,3,98.0
EIUCOCHNZ3351,3351,2021,4,98.2
EIUCOCHNZ3351,3351,2021,5,98.3
EIUCOCHNZ3351,3351,2021,6,98.8
EIUCOCHNZ3351,3351,2021,7,99.2
EIUCOCHNZ3351,3351,2021,8,99.2
EIUCOCHNZ3351,3351,2021,9,99.4
EIUCOCHNZ3351,3351,2021,10,98.8
EIUCOCHNZ3351,3351,2021,11,99.4
EIUCOCHNZ3351,3351,2021,12,99.5
EIUCOCHNZ3351,3351,2022,1,100.2
EIUCOCHNZ3351,3351,2022,2,100.5
EIUCOCHNZ3351,3351,2022,3,101.4
EIUCOCHNZ3351,3351,2022,4,100.6
EIUCOCHNZ3351,3351,2022,5,100.4
EIUCOCHNZ3351,3351,2022,6,101.4
EIUCOCHNZ3351,3351,2022,7,101.2
EIUCOCHNZ3351,3351,2022,8,102.0
EIUCOCHNZ3351,3351,2022,9,101.9
EIUCOCHNZ3351,3351,2022,10,100.8
EIUCOCHNZ3351,3351,2022,11,100.5
EIUCOCHNZ3351,3351,2022,12,100.6
EIUCOCHNZ3351,3351,2023,1,100.8
EIUCOCHNZ3351,3351,2023,2,101.0
EIUCOCHNZ3351,3351,2023,3,101.0
EIUCOCHNZ3351,3351,2023,4,100.9
EIUCOCHNZ3351,3351,2023,5,100.9
EIUCOCHNZ3351,3351,2023,6,100.9
EIUCOCHNZ3351,3351,2023,7,100.7
EIUCOCHNZ3351,3351,2023,8,100.5
EIUCOCHNZ3351,3351,2023,9,100.4
EIUCOCHNZ3351,3351,2023,10,100.2
EIUCOCHNZ3351,3351,2023,11,99.5
EIUCOCHNZ3351,3351,2023,12,101.9
EIUCOCHNZ3351,3351,2024,1,102.0
EIUCOCHNZ3351,3351,2024,2,102.5
EIUCOCHNZ3351,3351,2024,3,102.9
EIUCOCHNZ3351,3351,2024,4,102.8
EIUCOCHNZ3351,3351,2024,5,102.7
EIUCOCHNZ3351,3351,2024,6,102.6
EIUCOCHNZ3351,3351,2024,7,102.4
EIUCOCHNZ3351,3351,2024,8,102.0
EIUCOCHNZ3351,3351,2024,9,102.0
EIUCOCHNZ3351,3351,2024,10,100.6
EIUCOCHNZ3351,3351,2024,11,99.3
EIUCOCHNZ3351,3351,2024,12,98.0
EIUCOCHNZ3352,3352,2015,1,102.4
EIUCOCHNZ3352,3352,2015,2,102.4
EIUCOCHNZ3352,3352,2015,3,102.4
EIUCOCHNZ3352,3352,2015,4,102.3
EIUCOCHNZ3352,3352,2015,5,102.1
EIUCOCHNZ3352,3352,2015,6,102.1
EIUCOCHNZ3352,3352,2015,7,101.8
EIUCOCHNZ3352,3352,2015,8,101.6
EIUCOCHNZ3352,3352,2015,9,101.6
EIUCOCHNZ3352,3352,2015,10,101.5
EIUCOCHNZ3352,3352,2015,11,101.1
EIUCOCHNZ3352,3352,2015,12,101.1
EIUCOCHNZ3352,3352,2016,1,100.5
EIUCOCHNZ3352,3352,2016,2,100.1
EIUCOCHNZ3352,3352,2016,3,100.1
EIUCOCHNZ3352,3352,2016,4,99.9
EIUCOCHNZ3352,3352,2016,5,99.7
EIUCOCHNZ3352,3352,2016,6,99.7
EIUCOCHNZ3352,3352,2016,7,99.5
EIUCOCHNZ3352,3352,2016,8,99.4
EIUCOCHNZ3352,3352,2016,9,99.2
EIUCOCHNZ3352,3352,2016,10,99.5
EIUCOCHNZ3352,3352,2016,11,99.2
EIUCOCHNZ3352,3352,2016,12,98.9
EIUCOCHNZ3352,3352,2017,1,98.5
EIUCOCHNZ3352,3352,2017,2,98.6
EIUCOCHNZ3352,3352,2017,3,98.6
EIUCOCHNZ3352,3352,2017,4,98.6
EIUCOCHNZ3352,3352,2017,5,98.6
EIUCOCHNZ3352,3352,2017,6,98.6
EIUCOCHNZ3352,3352,2017,7,98.8
EIUCOCHNZ3352,3352,2017,8,98.4
EIUCOCHNZ3352,3352,2017,9,98.5
EIUCOCHNZ3352,3352,2017,10,98.5
EIUCOCHNZ3352,3352,2017,11,98.4
EIUCOCHNZ3352,3352,2017,12,98.3
EIUCOCHNZ3352,3352,2018,1,98.0
EIUCOCHNZ3352,3352,2018,2,98.9
EIUCOCHNZ3352,3352,2018,3,99.1
EIUCOCHNZ3352,3352,2018,4,100.0
EIUCOCHNZ3352,3352,2018,5,99.8
EIUCOCHNZ3352,3352,2018,6,100.2
EIUCOCHNZ3352,3352,2018,7,100.2
EIUCOCHNZ3352,3352,2018,8,100.2
EIUCOCHNZ3352,3352,2018,9,100.1
EIUCOCHNZ3352,3352,2018,10,100.0
EIUCOCHNZ3352,3352,2018,11,99.9
EIUCOCHNZ3352,3352,2018,12,99.9
EIUCOCHNZ3352,3352,2019,1,100.0
EIUCOCHNZ3352,3352,2019,2,100.1
EIUCOCHNZ3352,3352,2019,3,100.0
EIUCOCHNZ3352,3352,2019,4,100.1
EIUCOCHNZ3352,3352,2019,5,99.8
EIUCOCHNZ3352,3352,2019,6,99.8
EIUCOCHNZ3352,3352,2019,7,99.9
EIUCOCHNZ3352,3352,2019,8,100.0
EIUCOCHNZ3352,3352,2019,9,99.9
EIUCOCHNZ3352,3352,2019,10,99.8
EIUCOCHNZ3352,3352,2019,11,99.6
EIUCOCHNZ3352,3352,2019,12,99.5
EIUCOCHNZ3352,3352,2020,1,99.0
EIUCOCHNZ3352,3352,2020,2,98.7
EIUCOCHNZ3352,3352,2020,3,98.7
EIUCOCHNZ3352,3352,2020,4,98.2
EIUCOCHNZ3352,3352,2020,5,98.0
EIUCOCHNZ3352,3352,2020,6,98.1
EIUCOCHNZ3352,3352,2020,7,98.0
EIUCOCHNZ3352,3352,2020,8,98.1
EIUCOCHNZ3352,3352,2020,9,98.0
EIUCOCHNZ3352,3352,2020,10,98.1
EIUCOCHNZ3352,3352,2020,11,98.2
EIUCOCHNZ3352,3352,2020,12,98.2
EIUCOCHNZ3352,3352,2021,1,98.6
EIUCOCHNZ3352,3352,2021,2,98.7
EIUCOCHNZ3352,3352,2021,3,99.4
EIUCOCHNZ3352,3352,2021,4,99.7
EIUCOCHNZ3352,3352,2021,5,100.0
EIUCOCHNZ3352,3352,2021,6,100.4
EIUCOCHNZ3352,3352,2021,7,101.8
EIUCOCHNZ3352,3352,2021,8,103.4
EIUCOCHNZ3352,3352,2021,9,103.6
EIUCOCHNZ3352,3352,2021,10,104.5
EIUCOCHNZ3352,3352,2021,11,105.3
EIUCOCHNZ3352,3352,2021,12,105.7
EIUCOCHNZ3352,3352,2022,1,106.6
EIUCOCHNZ3352,3352,2022,2,106.6
EIUCOCHNZ3352,3352,2022,3,105.8
EIUCOCHNZ3352,3352,2022,4,105.9
EIUCOCHNZ3352,3352,2022,5,105.8
EIUCOCHNZ3352,3352,2022,6,105.2
EIUCOCHNZ3352,3352,2022,7,104.8
EIUCOCHNZ3352,3352,2022,8,104.3
EIUCOCHNZ3352,3352,2022,9,104.2
EIUCOCHNZ3352,3352,2022,10,104.3
EIUCOCHNZ3352,3352,2022,11,104.5
EIUCOCHNZ3352,3352,2022,12,104.6
EIUCOCHNZ3352,3352,2023,1,104.0
EIUCOCHNZ3352,3352,2023,2,104.7
EIUCOCHNZ3352,3352,2023,3,104.6
EIUCOCHNZ3352,3352,2023,4,104.7
EIUCOCHNZ3352,3352,2023,5,104.5
EIUCOCHNZ3352,3352,2023,6,104.4
EIUCOCHNZ3352,3352,2023,7,104.3
EIUCOCHNZ3352,3352,2023,8,104.3
EIUCOCHNZ3352,3352,2023,9,104.3
EIUCOCHNZ3352,3352,2023,10,104.2
EIUCOCHNZ3352,3352,2023,11,103.9
EIUCOCHNZ3352,3352,2023,12,103.7
EIUCOCHNZ3352,3352,2024,1,102.8
EIUCOCHNZ3352,3352,2024,2,102.8
EIUCOCHNZ3352,3352,2024,3,102.8
EIUCOCHNZ3352,3352,2024,4,102.4
EIUCOCHNZ3352,3352,2024,5,102.4
EIUCOCHNZ3352,3352,2024,6,102.4
EIUCOCHNZ3352,3352,2024,7,102.0
EIUCOCHNZ3352,3352,2024,8,101.4
EIUCOCHNZ3352,3352,2024,9,101.2
EIUCOCHNZ3352,3352,2024,10,101.2
EIUCOCHNZ3352,3352,2024,11,100.9
EIUCOCHNZ3352,3352,2024,12,100.8
EIUCOCHNZ337,337,2015,1,101.3
EIUCOCHNZ337,337,2015,2,101.5
EIUCOCHNZ337,337,2015,3,101.7
EIUCOCHNZ337,337,2015,4,101.8
EIUCOCHNZ337,337,2015,5,101.8
EIUCOCHNZ337,337,2015,6,101.5
EIUCOCHNZ337,337,2015,7,101.5
EIUCOCHNZ337,337,2015,8,101.5
EIUCOCHNZ337,337,2015,9,101.4
EIUCOCHNZ337,337,2015,10,101.3
EIUCOCHNZ337,337,2015,11,101.2
EIUCOCHNZ337,337,2015,12,101.1
EIUCOCHNZ337,337,2016,1,100.9
EIUCOCHNZ337,337,2016,2,100.7
EIUCOCHNZ337,337,2016,3,100.5
EIUCOCHNZ337,337,2016,4,100.5
EIUCOCHNZ337,337,2016,5,100.5
EIUCOCHNZ337,337,2016,6,100.6
EIUCOCHNZ337,337,2016,7,100.6
EIUCOCHNZ337,337,2016,8,100.5
EIUCOCHNZ337,337,2016,9,100.5
EIUCOCHNZ337,337,2016,10,100.5
EIUCOCHNZ337,337,2016,11,100.1
EIUCOCHNZ337,337,2016,12,100.1
EIUCOCHNZ337,337,2017,1,100.0
EIUCOCHNZ337,337,2017,2,100.1
EIUCOCHNZ337,337,2017,3,100.0
EIUCOCHNZ337,337,2017,4,100.1
EIUCOCHNZ337,337,2017,5,100.1
EIUCOCHNZ337,337,2017,6,99.8
EIUCOCHNZ337,337,2017,7,99.7
EIUCOCHNZ337,337,2017,8,99.9
EIUCOCHNZ337,337,2017,9,100.0
EIUCOCHNZ337,337,2017,10,100.1
EIUCOCHNZ337,337,2017,11,100.0
EIUCOCHNZ337,337,2017,12,100.1
EIUCOCHNZ337,337,2018,1,100.2
EIUCOCHNZ337,337,2018,2,100.3
EIUCOCHNZ337,337,2018,3,100.6
EIUCOCHNZ337,337,2018,4,100.4
EIUCOCHNZ337,337,2018,5,100.7
EIUCOCHNZ337,337,2018,6,101.0
EIUCOCHNZ337,337,2018,7,101.2
EIUCOCHNZ337,337,2018,8,101.4
EIUCOCHNZ337,337,2018,9,101.3
EIUCOCHNZ337,337,2018,10,101.2
EIUCOCHNZ337,337,2018,11,101.3
EIUCOCHNZ337,337,2018,12,101.4
EIUCOCHNZ337,337,2019,1,101.2
EIUCOCHNZ337,337,2019,2,101.1
EIUCOCHNZ337,337,2019,3,101.0
EIUCOCHNZ337,337,2019,4,101.0
EIUCOCHNZ337,337,2019,5,100.9
EIUCOCHNZ337,337,2019,6,100.6
EIUCOCHNZ337,337,2019,7,100.3
EIUCOCHNZ337,337,2019,8,100.1
EIUCOCHNZ337,337,2019,9,100.0
EIUCOCHNZ337,337,2019,10,99.6
EIUCOCHNZ337,337,2019,11,99.1
EIUCOCHNZ337,337,2019,12,98.8
EIUCOCHNZ337,337,2020,1,98.7
EIUCOCHNZ337,337,2020,2,98.8
EIUCOCHNZ337,337,2020,3,98.3
EIUCOCHNZ337,337,2020,4,98.6
EIUCOCHNZ337,337,2020,5,98.3
EIUCOCHNZ337,337,2020,6,98.3
EIUCOCHNZ337,337,2020,7,98.3
EIUCOCHNZ337,337,2020,8,98.4
EIUCOCHNZ337,337,2020,9,97.9
EIUCOCHNZ337,337,2020,10,98.0
EIUCOCHNZ337,337,2020,11,98.0
EIUCOCHNZ337,337,2020,12,98.3
EIUCOCHNZ337,337,2021,1,99.2
EIUCOCHNZ337,337,2021,2,99.3
EIUCOCHNZ337,337,2021,3,99.4
EIUCOCHNZ337,337,2021,4,100.0
EIUCOCHNZ337,337,2021,5,100.5
EIUCOCHNZ337,337,2021,6,100.9
EIUCOCHNZ337,337,2021,7,101.5
EIUCOCHNZ337,337,2021,8,101.8
EIUCOCHNZ337,337,2021,9,101.8
EIUCOCHNZ337,337,2021,10,102.5
EIUCOCHNZ337,337,2021,11,103.0
EIUCOCHNZ337,337,2021,12,103.9
EIUCOCHNZ337,337,2022,1,104.5
EIUCOCHNZ337,337,2022,2,105.1
EIUCOCHNZ337,337,2022,3,105.3
EIUCOCHNZ337,337,2022,4,105.7
EIUCOCHNZ337,337,2022,5,105.8
EIUCOCHNZ337,337,2022,6,105.8
EIUCOCHNZ337,337,2022,7,106.1
EIUCOCHNZ337,337,2022,8,106.1
EIUCOCHNZ337,337,2022,9,106.1
EIUCOCHNZ337,337,2022,10,105.9
EIUCOCHNZ337,337,2022,11,106.3
EIUCOCHNZ337,337,2022,12,105.8
EIUCOCHNZ337,337,2023,1,105.9
EIUCOCHNZ337,337,2023,2,105.9
EIUCOCHNZ337,337,2023,3,105.9
EIUCOCHNZ337,337,2023,4,105.7
EIUCOCHNZ337,337,2023,5,105.8
EIUCOCHNZ337,337,2023,6,105.7
EIUCOCHNZ337,337,2023,7,105.7
EIUCOCHNZ337,337,2023,8,105.6
EIUCOCHNZ337,337,2023,9,105.1
EIUCOCHNZ337,337,2023,10,104.8
EIUCOCHNZ337,337,2023,11,104.4
EIUCOCHNZ337,337,2023,12,104.0
EIUCOCHNZ337,337,2024,1,104.0
EIUCOCHNZ337,337,2024,2,104.0
EIUCOCHNZ337,337,2024,3,104.0
EIUCOCHNZ337,337,2024,4,103.7
EIUCOCHNZ337,337,2024,5,103.7
EIUCOCHNZ337,337,2024,6,103.7
EIUCOCHNZ337,337,2024,7,103.7
EIUCOCHNZ337,337,2024,8,103.9
EIUCOCHNZ337,337,2024,9,104.0
EIUCOCHNZ337,337,2024,10,104.2
EIUCOCHNZ337,337,2024,11,104.4
EIUCOCHNZ337,337,2024,12,104.1
EIUCOCHNZ3371,3371,2015,1,101.4
EIUCOCHNZ3371,3371,2015,2,101.7
EIUCOCHNZ3371,3371,2015,3,101.6
EIUCOCHNZ3371,3371,2015,4,101.7
EIUCOCHNZ3371,3371,2015,5,101.8
EIUCOCHNZ3371,3371,2015,6,101.6
EIUCOCHNZ3371,3371,2015,7,101.6
EIUCOCHNZ3371,3371,2015,8,101.6
EIUCOCHNZ3371,3371,2015,9,101.5
EIUCOCHNZ3371,3371,2015,10,101.4
EIUCOCHNZ3371,3371,2015,11,101.3
EIUCOCHNZ3371,3371,2015,12,101.2
EIUCOCHNZ3371,3371,2016,1,101.0
EIUCOCHNZ3371,3371,2016,2,100.7
EIUCOCHNZ3371,3371,2016,3,100.6
EIUCOCHNZ3371,3371,2016,4,100.5
EIUCOCHNZ3371,3371,2016,5,100.5
EIUCOCHNZ3371,3371,2016,6,100.8
EIUCOCHNZ3371,3371,2016,7,100.7
EIUCOCHNZ3371,3371,2016,8,100.6
EIUCOCHNZ3371,3371,2016,9,100.7
EIUCOCHNZ3371,3371,2016,10,100.7
EIUCOCHNZ3371,3371,2016,11,100.1
EIUCOCHNZ3371,3371,2016,12,100.0
EIUCOCHNZ3371,3371,2017,1,100.1
EIUCOCHNZ3371,3371,2017,2,100.1
EIUCOCHNZ3371,3371,2017,3,100.1
EIUCOCHNZ3371,3371,2017,4,100.2
EIUCOCHNZ3371,3371,2017,5,100.3
EIUCOCHNZ3371,3371,2017,6,100.3
EIUCOCHNZ3371,3371,2017,7,100.3
EIUCOCHNZ3371,3371,2017,8,100.6
EIUCOCHNZ3371,3371,2017,9,100.4
EIUCOCHNZ3371,3371,2017,10,100.5
EIUCOCHNZ3371,3371,2017,11,100.5
EIUCOCHNZ3371,3371,2017,12,100.6
EIUCOCHNZ3371,3371,2018,1,100.6
EIUCOCHNZ3371,3371,2018,2,100.8
EIUCOCHNZ3371,3371,2018,3,100.9
EIUCOCHNZ3371,3371,2018,4,100.8
EIUCOCHNZ3371,3371,2018,5,100.9
EIUCOCHNZ3371,3371,2018,6,100.8
EIUCOCHNZ3371,3371,2018,7,100.8
EIUCOCHNZ3371,3371,2018,8,101.2
EIUCOCHNZ3371,3371,2018,9,101.1
EIUCOCHNZ3371,3371,2018,10,101.2
EIUCOCHNZ3371,3371,2018,11,101.3
EIUCOCHNZ3371,3371,2018,12,101.4
EIUCOCHNZ3371,3371,2019,1,101.3
EIUCOCHNZ3371,3371,2019,2,101.0
EIUCOCHNZ3371,3371,2019,3,100.8
EIUCOCHNZ3371,3371,2019,4,100.9
EIUCOCHNZ3371,3371,2019,5,100.9
EIUCOCHNZ3371,3371,2019,6,100.6
EIUCOCHNZ3371,3371,2019,7,100.4
EIUCOCHNZ3371,3371,2019,8,100.2
EIUCOCHNZ3371,3371,2019,9,100.1
EIUCOCHNZ3371,3371,2019,10,99.8
EIUCOCHNZ3371,3371,2019,11,99.4
EIUCOCHNZ3371,3371,2019,12,99.2
EIUCOCHNZ3371,3371,2020,1,98.8
EIUCOCHNZ3371,3371,2020,2,98.9
EIUCOCHNZ3371,3371,2020,3,98.6
EIUCOCHNZ3371,3371,2020,4,98.6
EIUCOCHNZ3371,3371,2020,5,98.6
EIUCOCHNZ3371,3371,2020,6,98.5
EIUCOCHNZ3371,3371,2020,7,98.5
EIUCOCHNZ3371,3371,2020,8,98.5
EIUCOCHNZ3371,3371,2020,9,98.3
EIUCOCHNZ3371,3371,2020,10,98.3
EIUCOCHNZ3371,3371,2020,11,98.4
EIUCOCHNZ3371,3371,2020,12,98.7
EIUCOCHNZ3371,3371,2021,1,99.7
EIUCOCHNZ3371,3371,2021,2,99.9
EIUCOCHNZ3371,3371,2021,3,100.0
EIUCOCHNZ3371,3371,2021,4,100.9
EIUCOCHNZ3371,3371,2021,5,101.4
EIUCOCHNZ3371,3371,2021,6,101.9
EIUCOCHNZ3371,3371,2021,7,102.6
EIUCOCHNZ3371,3371,2021,8,103.0
EIUCOCHNZ3371,3371,2021,9,102.9
EIUCOCHNZ3371,3371,2021,10,103.8
EIUCOCHNZ3371,3371,2021,11,103.9
EIUCOCHNZ3371,3371,2021,12,105.0
EIUCOCHNZ3371,3371,2022,1,105.7
EIUCOCHNZ3371,3371,2022,2,106.5
EIUCOCHNZ3371,3371,2022,3,106.7
EIUCOCHNZ3371,3371,2022,4,107.2
EIUCOCHNZ3371,3371,2022,5,107.3
EIUCOCHNZ3371,3371,2022,6,107.1
EIUCOCHNZ3371,3371,2022,7,107.5
EIUCOCHNZ3371,3371,2022,8,107.4
EIUCOCHNZ3371,3371,2022,9,107.4
EIUCOCHNZ3371,3371,2022,10,107.2
EIUCOCHNZ3371,3371,2022,11,107.5
EIUCOCHNZ3371,3371,2022,12,106.9
EIUCOCHNZ3371,3371,2023,1,107.2
EIUCOCHNZ3371,3371,2023,2,107.2
EIUCOCHNZ3371,3371,2023,3,107.2
EIUCOCHNZ3371,3371,2023,4,107.0
EIUCOCHNZ3371,3371,2023,5,107.0
EIUCOCHNZ3371,3371,2023,6,106.9
EIUCOCHNZ3371,3371,2023,7,106.8
EIUCOCHNZ3371,3371,2023,8,106.7
EIUCOCHNZ3371,3371,2023,9,106.2
EIUCOCHNZ3371,3371,2023,10,105.9
EIUCOCHNZ3371,3371,2023,11,105.4
EIUCOCHNZ3371,3371,2023,12,104.9
EIUCOCHNZ3371,3371,2024,1,104.9
EIUCOCHNZ3371,3371,2024,2,104.9
EIUCOCHNZ3371,3371,2024,3,104.8
EIUCOCHNZ3371,3371,2024,4,104.6
EIUCOCHNZ3371,3371,2024,5,104.5
EIUCOCHNZ3371,3371,2024,6,104.6
EIUCOCHNZ3371,3371,2024,7,104.6
EIUCOCHNZ3371,3371,2024,8,104.7
EIUCOCHNZ3371,3371,2024,9,104.9
EIUCOCHNZ3371,3371,2024,10,105.2
EIUCOCHNZ3371,3371,2024,11,105.3
EIUCOCHNZ3371,3371,2024,12,105.1
EIUCOCHNZ339,339,2015,1,101.2
EIUCOCHNZ339,339,2015,2,101.1
EIUCOCHNZ339,339,2015,3,101.2
EIUCOCHNZ339,339,2015,4,101.2
EIUCOCHNZ339,339,2015,5,101.1
EIUCOCHNZ339,339,2015,6,101.0
EIUCOCHNZ339,339,2015,7,101.0
EIUCOCHNZ339,339,2015,8,101.0
EIUCOCHNZ339,339,2015,9,101.1
EIUCOCHNZ339,339,2015,10,101.1
EIUCOCHNZ339,339,2015,11,101.1
EIUCOCHNZ339,339,2015,12,101.1
EIUCOCHNZ339,339,2016,1,101.0
EIUCOCHNZ339,339,2016,2,100.9
EIUCOCHNZ339,339,2016,3,100.8
EIUCOCHNZ339,339,2016,4,100.7
EIUCOCHNZ339,339,2016,5,100.7
EIUCOCHNZ339,339,2016,6,100.7
EIUCOCHNZ339,339,2016,7,100.6
EIUCOCHNZ339,339,2016,8,100.6
EIUCOCHNZ339,339,2016,9,100.5
EIUCOCHNZ339,339,2016,10,100.4
EIUCOCHNZ339,339,2016,11,100.5
EIUCOCHNZ339,339,2016,12,100.5
EIUCOCHNZ339,339,2017,1,100.1
EIUCOCHNZ339,339,2017,2,100.3
EIUCOCHNZ339,339,2017,3,100.3
EIUCOCHNZ339,339,2017,4,100.3
EIUCOCHNZ339,339,2017,5,100.5
EIUCOCHNZ339,339,2017,6,100.4
EIUCOCHNZ339,339,2017,7,100.4
EIUCOCHNZ339,339,2017,8,100.4
EIUCOCHNZ339,339,2017,9,100.4
EIUCOCHNZ339,339,2017,10,100.3
EIUCOCHNZ339,339,2017,11,100.3
EIUCOCHNZ339,339,2017,12,100.3
EIUCOCHNZ339,339,2018,1,100.2
EIUCOCHNZ339,339,2018,2,100.3
EIUCOCHNZ339,339,2018,3,100.5
EIUCOCHNZ339,339,2018,4,100.6
EIUCOCHNZ339,339,2018,5,100.6
EIUCOCHNZ339,339,2018,6,100.7
EIUCOCHNZ339,339,2018,7,100.8
EIUCOCHNZ339,339,2018,8,100.9
EIUCOCHNZ339,339,2018,9,101.0
EIUCOCHNZ339,339,2018,10,101.5
EIUCOCHNZ339,339,2018,11,101.6
EIUCOCHNZ339,339,2018,12,101.7
EIUCOCHNZ339,339,2019,1,101.7
EIUCOCHNZ339,339,2019,2,101.6
EIUCOCHNZ339,339,2019,3,101.7
EIUCOCHNZ339,339,2019,4,101.4
EIUCOCHNZ339,339,2019,5,101.0
EIUCOCHNZ339,339,2019,6,101.0
EIUCOCHNZ339,339,2019,7,100.1
EIUCOCHNZ339,339,2019,8,100.2
EIUCOCHNZ339,339,2019,9,100.2
EIUCOCHNZ339,339,2019,10,100.0
EIUCOCHNZ339,339,2019,11,100.5
EIUCOCHNZ339,339,2019,12,100.9
EIUCOCHNZ339,339,2020,1,100.6
EIUCOCHNZ339,339,2020,2,100.7
EIUCOCHNZ339,339,2020,3,100.6
EIUCOCHNZ339,339,2020,4,100.3
EIUCOCHNZ339,339,2020,5,100.3
EIUCOCHNZ339,339,2020,6,100.3
EIUCOCHNZ339,339,2020,7,99.9
EIUCOCHNZ339,339,2020,8,99.9
EIUCOCHNZ339,339,2020,9,100.0
EIUCOCHNZ339,339,2020,10,99.5
EIUCOCHNZ339,339,2020,11,99.3
EIUCOCHNZ339,339,2020,12,99.3
EIUCOCHNZ339,339,2021,1,99.1
EIUCOCHNZ339,339,2021,2,99.1
EIUCOCHNZ339,339,2021,3,99.2
EIUCOCHNZ339,339,2021,4,99.8
EIUCOCHNZ339,339,2021,5,100.0
EIUCOCHNZ339,339,2021,6,100.1
EIUCOCHNZ339,339,2021,7,100.6
EIUCOCHNZ339,339,2021,8,100.8
EIUCOCHNZ339,339,2021,9,100.7
EIUCOCHNZ339,339,2021,10,100.6
EIUCOCHNZ339,339,2021,11,100.9
EIUCOCHNZ339,339,2021,12,101.3
EIUCOCHNZ339,339,2022,1,101.5
EIUCOCHNZ339,339,2022,2,101.7
EIUCOCHNZ339,339,2022,3,102.9
EIUCOCHNZ339,339,2022,4,102.9
EIUCOCHNZ339,339,2022,5,102.9
EIUCOCHNZ339,339,2022,6,103.1
EIUCOCHNZ339,339,2022,7,103.3
EIUCOCHNZ339,339,2022,8,103.3
EIUCOCHNZ339,339,2022,9,103.3
EIUCOCHNZ339,339,2022,10,103.2
EIUCOCHNZ339,339,2022,11,103.1
EIUCOCHNZ339,339,2022,12,102.5
EIUCOCHNZ339,339,2023,1,102.4
EIUCOCHNZ339,339,2023,2,102.5
EIUCOCHNZ339,339,2023,3,102.5
EIUCOCHNZ339,339,2023,4,102.7
EIUCOCHNZ339,339,2023,5,102.6
EIUCOCHNZ339,339,2023,6,102.4
EIUCOCHNZ339,339,2023,7,101.3
EIUCOCHNZ339,339,2023,8,101.7
EIUCOCHNZ339,339,2023,9,101.7
EIUCOCHNZ339,339,2023,10,101.5
EIUCOCHNZ339,339,2023,11,101.4
EIUCOCHNZ339,339,2023,12,101.4
EIUCOCHNZ339,339,2024,1,101.4
EIUCOCHNZ339,339,2024,2,101.4
EIUCOCHNZ339,339,2024,3,101.4
EIUCOCHNZ339,339,2024,4,101.2
EIUCOCHNZ339,339,2024,5,101.1
EIUCOCHNZ339,339,2024,6,101.2
EIUCOCHNZ339,339,2024,7,100.6
EIUCOCHNZ339,339,2024,8,100.6
EIUCOCHNZ339,339,2024,9,100.5
EIUCOCHNZ339,339,2024,10,100.6
EIUCOCHNZ339,339,2024,11,100.9
EIUCOCHNZ339,339,2024,12,101.0
EIUCOCHNZ3399,3399,2015,1,100.7
EIUCOCHNZ3399,3399,2015,2,100.6
EIUCOCHNZ3399,3399,2015,3,100.6
EIUCOCHNZ3399,3399,2015,4,100.6
EIUCOCHNZ3399,3399,2015,5,100.5
EIUCOCHNZ3399,3399,2015,6,100.5
EIUCOCHNZ3399,3399,2015,7,100.5
EIUCOCHNZ3399,3399,2015,8,100.5
EIUCOCHNZ3399,3399,2015,9,100.4
EIUCOCHNZ3399,3399,2015,10,100.3
EIUCOCHNZ3399,3399,2015,11,100.3
EIUCOCHNZ3399,3399,2015,12,100.3
EIUCOCHNZ3399,3399,2016,1,100.2
EIUCOCHNZ3399,3399,2016,2,100.1
EIUCOCHNZ3399,3399,2016,3,100.0
EIUCOCHNZ3399,3399,2016,4,100.0
EIUCOCHNZ3399,3399,2016,5,100.0
EIUCOCHNZ3399,3399,2016,6,100.0
EIUCOCHNZ3399,3399,2016,7,99.9
EIUCOCHNZ3399,3399,2016,8,99.9
EIUCOCHNZ3399,3399,2016,9,99.8
EIUCOCHNZ3399,3399,2016,10,99.6
EIUCOCHNZ3399,3399,2016,11,99.7
EIUCOCHNZ3399,3399,2016,12,99.7
EIUCOCHNZ3399,3399,2017,1,99.3
EIUCOCHNZ3399,3399,2017,2,99.4
EIUCOCHNZ3399,3399,2017,3,99.4
EIUCOCHNZ3399,3399,2017,4,99.5
EIUCOCHNZ3399,3399,2017,5,99.6
EIUCOCHNZ3399,3399,2017,6,99.6
EIUCOCHNZ3399,3399,2017,7,99.7
EIUCOCHNZ3399,3399,2017,8,99.6
EIUCOCHNZ3399,3399,2017,9,99.6
EIUCOCHNZ3399,3399,2017,10,99.6
EIUCOCHNZ3399,3399,2017,11,99.6
EIUCOCHNZ3399,3399,2017,12,99.7
EIUCOCHNZ3399,3399,2018,1,99.6
EIUCOCHNZ3399,3399,2018,2,99.6
EIUCOCHNZ3399,3399,2018,3,99.9
EIUCOCHNZ3399,3399,2018,4,100.1
EIUCOCHNZ3399,3399,2018,5,100.4
EIUCOCHNZ3399,3399,2018,6,100.5
EIUCOCHNZ3399,3399,2018,7,100.6
EIUCOCHNZ3399,3399,2018,8,100.7
EIUCOCHNZ3399,3399,2018,9,100.9
EIUCOCHNZ3399,3399,2018,10,101.4
EIUCOCHNZ3399,3399,2018,11,101.5
EIUCOCHNZ3399,3399,2018,12,101.6
EIUCOCHNZ3399,3399,2019,1,101.4
EIUCOCHNZ3399,3399,2019,2,101.3
EIUCOCHNZ3399,3399,2019,3,101.4
EIUCOCHNZ3399,3399,2019,4,101.1
EIUCOCHNZ3399,3399,2019,5,101.1
EIUCOCHNZ3399,3399,2019,6,101.1
EIUCOCHNZ3399,3399,2019,7,100.2
EIUCOCHNZ3399,3399,2019,8,100.3
EIUCOCHNZ3399,3399,2019,9,100.2
EIUCOCHNZ3399,3399,2019,10,100.0
EIUCOCHNZ3399,3399,2019,11,100.6
EIUCOCHNZ3399,3399,2019,12,101.0
EIUCOCHNZ3399,3399,2020,1,100.8
EIUCOCHNZ3399,3399,2020,2,100.9
EIUCOCHNZ3399,3399,2020,3,100.8
EIUCOCHNZ3399,3399,2020,4,100.5
EIUCOCHNZ3399,3399,2020,5,100.5
EIUCOCHNZ3399,3399,2020,6,100.5
EIUCOCHNZ3399,3399,2020,7,100.4
EIUCOCHNZ3399,3399,2020,8,100.4
EIUCOCHNZ3399,3399,2020,9,100.4
EIUCOCHNZ3399,3399,2020,10,99.8
EIUCOCHNZ3399,3399,2020,11,99.6
EIUCOCHNZ3399,3399,2020,12,99.6
EIUCOCHNZ3399,3399,2021,1,99.4
EIUCOCHNZ3399,3399,2021,2,99.4
EIUCOCHNZ3399,3399,2021,3,99.4
EIUCOCHNZ3399,3399,2021,4,100.2
EIUCOCHNZ3399,3399,2021,5,100.3
EIUCOCHNZ3399,3399,2021,6,100.4
EIUCOCHNZ3399,3399,2021,7,100.9
EIUCOCHNZ3399,3399,2021,8,101.1
EIUCOCHNZ3399,3399,2021,9,101.0
EIUCOCHNZ3399,3399,2021,10,100.9
EIUCOCHNZ3399,3399,2021,11,101.1
EIUCOCHNZ3399,3399,2021,12,101.5
EIUCOCHNZ3399,3399,2022,1,101.7
EIUCOCHNZ3399,3399,2022,2,101.9
EIUCOCHNZ3399,3399,2022,3,103.1
EIUCOCHNZ3399,3399,2022,4,103.1
EIUCOCHNZ3399,3399,2022,5,103.1
EIUCOCHNZ3399,3399,2022,6,103.3
EIUCOCHNZ3399,3399,2022,7,103.3
EIUCOCHNZ3399,3399,2022,8,103.3
EIUCOCHNZ3399,3399,2022,9,103.3
EIUCOCHNZ3399,3399,2022,10,103.2
EIUCOCHNZ3399,3399,2022,11,103.0
EIUCOCHNZ3399,3399,2022,12,102.3
EIUCOCHNZ3399,3399,2023,1,102.2
EIUCOCHNZ3399,3399,2023,2,102.4
EIUCOCHNZ3399,3399,2023,3,102.5
EIUCOCHNZ3399,3399,2023,4,102.7
EIUCOCHNZ3399,3399,2023,5,102.6
EIUCOCHNZ3399,3399,2023,6,102.3
EIUCOCHNZ3399,3399,2023,7,101.3
EIUCOCHNZ3399,3399,2023,8,101.7
EIUCOCHNZ3399,3399,2023,9,101.7
EIUCOCHNZ3399,3399,2023,10,101.5
EIUCOCHNZ3399,3399,2023,11,101.4
EIUCOCHNZ3399,3399,2023,12,101.4
EIUCOCHNZ3399,3399,2024,1,101.4
EIUCOCHNZ3399,3399,2024,2,101.4
EIUCOCHNZ3399,3399,2024,3,101.4
EIUCOCHNZ3399,3399,2024,4,101.4
EIUCOCHNZ3399,3399,2024,5,101.1
EIUCOCHNZ3399,3399,2024,6,101.0
EIUCOCHNZ3399,3399,2024,7,100.2
EIUCOCHNZ3399,3399,2024,8,100.2
EIUCOCHNZ3399,3399,2024,9,100.2
EIUCOCHNZ3399,3399,2024,10,100.2
EIUCOCHNZ3399,3399,2024,11,100.3
EIUCOCHNZ3399,3399,2024,12,100.5
